GEOID,NAME,variable,estimate,moe,geometry
24033800511,Census Tract 8005.11; Prince George's County; Maryland,B19013_001,126220,9962,"list(list(c(-76.743016, -76.738557, -76.732917, -76.732353, -76.729831, -76.727925, -76.726669, -76.726016, -76.720566, -76.720495, -76.720362, -76.720211, -76.720054, -76.718263, -76.717624, -76.717058, -76.717376, -76.717213, -76.717153, -76.718175, -76.721048, -76.723395, -76.732516, -76.735977, -76.735935, -76.735742, -76.735649, -76.735645, -76.735803, -76.739133, -76.741935, -76.743016, 38.925262, 38.926179, 38.925738, 38.9231, 38.918386, 38.91657, 38.91558, 38.915427, 38.915123, 38.91514, 
38.915182, 38.915233, 38.915289, 38.916062, 38.916032, 38.915911, 38.912241, 38.908912, 38.905787, 38.8986, 38.899143, 38.899644, 38.900701, 38.901002, 38.901141, 38.901804, 38.902247, 38.902379, 38.903655, 38.913684, 38.922687, 38.925262)))"
24033801406,Census Tract 8014.06; Prince George's County; Maryland,B19013_001,78715,8115,"list(list(c(-76.994709, -76.991845, -76.992527, -76.991692, -76.990179, -76.989432, -76.985042, -76.984165, -76.982778, -76.980677, -76.977955, -76.973133, -76.971386, -76.967827, -76.966324, -76.964559, -76.961944, -76.957611, -76.959394, -76.962017, -76.965228, -76.967726, -76.969975, -76.973216, -76.976444, -76.978995, -76.983224, -76.985507, -76.990591, -76.993441, -76.993813, -76.994709, 38.767116, 38.770089, 38.772356, 38.773466, 38.77445, 38.776131, 38.781985, 38.783546, 38.784393, 38.786878, 
38.787749, 38.790306, 38.79041, 38.786425, 38.784544, 38.780467, 38.779069, 38.775402, 38.774707, 38.77295, 38.772321, 38.772641, 38.7741, 38.774674, 38.77405, 38.771117, 38.768822, 38.767185, 38.76463, 38.760895, 38.76083, 38.767116)))"
24033805602,Census Tract 8056.02; Prince George's County; Maryland,B19013_001,86289,31472,"list(list(c(-76.98437, -76.982261, -76.981506, -76.979763, -76.97952, -76.975669, -76.976125, -76.977476, -76.978694, -76.981218, -76.983322, -76.983795, -76.984461, -76.98437, 38.992442, 38.992438, 38.992465, 38.992053, 38.990005, 38.987022, 38.986291, 38.985256, 38.987377, 38.987857, 38.988105, 38.988397, 38.990391, 38.992442)))"
24033800102,Census Tract 8001.02; Prince George's County; Maryland,B19013_001,80745,11830,"list(list(c(-76.866582, -76.864543, -76.863971, -76.862221, -76.856716, -76.853543, -76.851914, -76.849084, -76.846242, -76.848979, -76.853048, -76.854945, -76.856111, -76.857643, -76.860531, -76.862036, -76.861836, -76.86615, -76.866912, -76.866582, 39.107585, 39.108944, 39.110949, 39.110348, 39.110733, 39.10992, 39.109232, 39.109097, 39.107967, 39.104188, 39.100305, 39.101205, 39.101373, 39.101515, 39.101802, 39.101603, 39.103865, 39.104993, 39.106654, 39.107585)))"
24033804101,Census Tract 8041.01; Prince George's County; Maryland,B19013_001,79504,26567,"list(list(c(-76.915337, -76.914401, -76.912134, -76.910312, -76.910424, -76.908709, -76.908612, -76.9108, -76.91129, -76.914604, -76.914475, -76.910313, -76.907897, -76.903116, -76.902073, -76.900129, -76.897604, -76.896279, -76.895975, -76.901052, -76.904888, -76.910842, -76.915185, -76.915337, 38.918429, 38.919821, 38.92061, 38.922956, 38.924154, 38.92467, 38.927441, 38.928348, 38.931993, 38.933668, 38.934335, 38.933723, 38.933273, 38.932606, 38.932308, 38.931606, 38.930543, 38.929953, 38.929805, 
38.924553, 38.921651, 38.918557, 38.917109, 38.918429)))"
24033801905,Census Tract 8019.05; Prince George's County; Maryland,B19013_001,115631,13780,"list(list(c(-76.930514, -76.928847, -76.927143, -76.92639, -76.92552, -76.923374, -76.91928, -76.918534, -76.914212, -76.912828, -76.911685, -76.909798, -76.902502, -76.901129, -76.900164, -76.900062, -76.899903, -76.899827, -76.899616, -76.896765, -76.895019, -76.894738, -76.892548, -76.888012, -76.887674, -76.89265, -76.892856, -76.895737, -76.899179, -76.902531, -76.90522, -76.91934, -76.924771, -76.931159, -76.930514, 38.821539, 38.823266, 38.827324, 38.828037, 38.829558, 38.830345, 38.831671, 
38.832598, 38.834076, 38.833874, 38.834364, 38.834497, 38.835656, 38.834376, 38.833456, 38.83337, 38.833234, 38.833163, 38.832963, 38.831271, 38.829243, 38.828915, 38.826173, 38.822358, 38.822134, 38.820494, 38.820701, 38.81971, 38.818694, 38.817998, 38.817924, 38.81972, 38.820171, 38.818843, 38.821539)))"
24033800209,Census Tract 8002.09; Prince George's County; Maryland,B19013_001,59096,5355,"list(list(c(-76.860711, -76.854532, -76.852027, -76.849969, -76.848425, -76.847427, -76.845921, -76.843898, -76.84399, -76.846323, -76.847344, -76.847493, -76.848159, -76.851208, -76.853956, -76.856594, -76.859189, -76.860711, 39.078767, 39.083113, 39.086941, 39.09044, 39.093506, 39.095304, 39.094042, 39.092936, 39.092815, 39.089195, 39.085381, 39.084444, 39.08036, 39.081308, 39.081297, 39.080747, 39.078732, 39.078767)))"
24033804802,Census Tract 8048.02; Prince George's County; Maryland,B19013_001,66420,17277,"list(list(c(-76.967628, -76.967037, -76.966994, -76.96649, -76.966321, -76.965657, -76.962773, -76.962241, -76.961721, -76.96066, -76.960226, -76.959112, -76.958007, -76.958111, -76.957941, -76.960706, -76.962314, -76.965464, -76.967329, -76.96805, -76.967628, 38.949488, 38.95132, 38.951422, 38.952503, 38.952519, 38.952579, 38.954033, 38.953856, 38.953436, 38.950659, 38.950166, 38.949762, 38.948939, 38.948847, 38.948807, 38.949017, 38.948535, 38.947438, 38.94841, 38.948962, 38.949488)))"
24033803200,Census Tract 8032; Prince George's County; Maryland,B19013_001,62891,14354,"list(list(c(-76.915185, -76.910842, -76.904888, -76.901052, -76.895975, -76.890063, -76.888409, -76.886417, -76.888208, -76.88975, -76.891569, -76.892417, -76.891697, -76.89766, -76.906268, -76.908668, -76.909749, -76.913848, -76.915185, 38.917109, 38.918557, 38.921651, 38.924553, 38.929805, 38.92723, 38.926733, 38.924295, 38.923239, 38.920606, 38.920651, 38.92066, 38.917853, 38.918436, 38.916965, 38.916563, 38.916539, 38.915925, 38.917109)))"
24033800218,Census Tract 8002.18; Prince George's County; Maryland,B19013_001,85000,23614,"list(list(c(-76.876693, -76.865593, -76.858808, -76.856408, -76.855753, -76.85523, -76.853643, -76.847862, -76.847216, -76.846842, -76.846315, -76.844217, -76.843155, -76.845491, -76.847647, -76.84903, -76.854666, -76.855095, -76.858791, -76.860729, -76.864351, -76.865098, -76.867394, -76.876693, 39.068175, 39.075539, 39.073265, 39.073503, 39.073508, 39.073506, 39.073531, 39.073663, 39.072754, 39.072375, 39.071967, 39.070739, 39.070084, 39.068411, 39.067746, 39.066999, 39.065687, 39.06558, 39.063723, 
39.063383, 39.060779, 39.061087, 39.069365, 39.068175)))"
24033801809,Census Tract 8018.09; Prince George's County; Maryland,B19013_001,84524,16576,"list(list(c(-76.96662, -76.964055, -76.962496, -76.957866, -76.959041, -76.95607, -76.956012, -76.952426, -76.948378, -76.948941, -76.953845, -76.956697, -76.95623, -76.957592, -76.958236, -76.960764, -76.960348, -76.962072, -76.96298, -76.965937, -76.96662, 38.843574, 38.845058, 38.846839, 38.850019, 38.851615, 38.8524, 38.852319, 38.847372, 38.842056, 38.841497, 38.838286, 38.835615, 38.83513, 38.83447, 38.835669, 38.836689, 38.838539, 38.840463, 38.841485, 38.84295, 38.843574)))"
24033801600,Census Tract 8016; Prince George's County; Maryland,B19013_001,69527,11817,"list(list(c(-77.001397, -77.001084509434, -76.999997, -76.9991308531942, -76.9984584905661, -76.9979429348247, -76.9959473293181, -76.992989, -76.993793, -76.992094, -76.993762, -76.99294, -76.996395, -76.996198, -76.998101, -76.998745, -76.999114, -76.999779, -77.0014810762983, -77.001397, 38.821513, 38.8216022830189, 38.821913, 38.8226604965584, 38.823240754717, 38.8236856863842, 38.8254079212734, 38.82451, 38.822832, 38.819565, 38.819074, 38.817257, 38.816519, 38.814989, 38.815365, 38.81543, 38.817094, 
38.818715, 38.821446228991, 38.821513)))"
24033802501,Census Tract 8025.01; Prince George's County; Maryland,B19013_001,61772,3970,"list(list(c(-76.9581401027746, -76.953696, -76.9498609664429, -76.949696, -76.9467461839551, -76.9467019673843, -76.9436412723315, -76.9394901437422, -76.935941, -76.934198, -76.932873, -76.933975, -76.940071, -76.94695, -76.949967, -76.952453, -76.953105, -76.956543, -76.957536, -76.9581401027746, 38.8549465208545, 38.858512, 38.8611965234899, 38.861312, 38.8636217776562, 38.8636564003057, 38.86605299892, 38.8693034334955, 38.866476, 38.866054, 38.86496, 38.864581, 38.862845, 38.860497, 38.858618, 
38.856226, 38.854821, 38.853169, 38.854431, 38.8549465208545)))"
24033800402,Census Tract 8004.02; Prince George's County; Maryland,B19013_001,125480,10230,"list(list(c(-76.757276, -76.753048, -76.751164, -76.748226, -76.74617, -76.745496, -76.742443, -76.740807, -76.740579, -76.735373, -76.734914, -76.732283, -76.728141, -76.731547, -76.737604, -76.741499, -76.747943, -76.75014, -76.755536, -76.755997, -76.756436, -76.756855, -76.757276, 38.984586, 38.985807, 38.988222, 38.989897, 38.990687, 38.991039, 38.994582, 38.998645, 38.997083, 38.991283, 38.99069, 38.987999, 38.982332, 38.980477, 38.978633, 38.97747, 38.975597, 38.974798, 38.970876, 38.973124, 
38.980674, 38.982582, 38.984586)))"
24033801308,Census Tract 8013.08; Prince George's County; Maryland,B19013_001,137224,25030,"list(list(c(-77.015865, -77.01428, -77.010653, -77.005818, -77.004218, -77.004817, -77.002452, -76.99826, -76.997166, -76.990188, -76.990062, -76.990041, -76.997194, -76.99889, -77.006053, -77.011999, -77.01563, -77.016547, -77.015865, 38.710759, 38.711143, 38.713263, 38.717962, 38.720046, 38.724926, 38.725334, 38.723975, 38.723914, 38.725523, 38.714365, 38.712606, 38.710533, 38.710956, 38.708294, 38.707517, 38.709015, 38.710709, 38.710759)))"
24033801006,Census Tract 8010.06; Prince George's County; Maryland,B19013_001,157616,37134,"list(list(c(-76.832393, -76.832309, -76.830948, -76.82988, -76.830157, -76.828361, -76.823105, -76.819924, -76.817195, -76.814121, -76.81037, -76.816574, -76.819682, -76.824343, -76.82705, -76.832382, -76.832393, 38.754155, 38.75545, 38.762571, 38.76983, 38.773404, 38.770818, 38.765521, 38.761268, 38.75899, 38.758468, 38.756694, 38.745993, 38.746682, 38.750335, 38.750291, 38.753331, 38.754155)))"
24033803803,Census Tract 8038.03; Prince George's County; Maryland,B19013_001,91553,10548,"list(list(c(-76.908731, -76.907329, -76.906038, -76.905545, -76.903121, -76.901123, -76.900479, -76.897895, -76.893738, -76.889436, -76.88549, -76.887669, -76.888263, -76.888817, -76.891883, -76.892029, -76.892103, -76.898694, -76.903111, -76.904036, -76.905106, -76.909422, -76.908731, 38.954174, 38.955642, 38.957449, 38.961212, 38.961395, 38.962821, 38.963234, 38.961867, 38.95951, 38.955453, 38.951658, 38.948619, 38.948196, 38.947968, 38.947078, 38.947045, 38.947143, 38.94861, 38.95018, 38.951103, 
38.951856, 38.953109, 38.954174)))"
24033802408,Census Tract 8024.08; Prince George's County; Maryland,B19013_001,58098,14887,"list(list(c(-76.923625, -76.923834, -76.923253, -76.920829, -76.920278, -76.918978, -76.917907, -76.917447, -76.916808, -76.915781, -76.916487, -76.914588, -76.917128, -76.918858, -76.924859, -76.923625, 38.86565, 38.867395, 38.867943, 38.870137, 38.869982, 38.869555, 38.868811, 38.868231, 38.866547, 38.864984, 38.863972, 38.860563, 38.86145, 38.860243, 38.864728, 38.86565)))"
24033802103,Census Tract 8021.03; Prince George's County; Maryland,B19013_001,74074,16696,"list(list(c(-76.909062, -76.908334, -76.90803, -76.90764, -76.907382, -76.906992, -76.906566, -76.902792, -76.901502, -76.901005, -76.900154, -76.897882, -76.89694, -76.895835, -76.89051, -76.889738, -76.886622, -76.882268, -76.878867, -76.877404, -76.874046, -76.874229, -76.885072, -76.887394, -76.891138, -76.891824, -76.892454, -76.895533, -76.902984, -76.90716, -76.910348, -76.909062, 38.853646, 38.853997, 38.853767, 38.853631, 38.853579, 38.853565, 38.853616, 38.854809, 38.855193, 38.855358, 
38.854928, 38.853771, 38.853293, 38.852779, 38.851522, 38.85121, 38.849985, 38.849617, 38.84805, 38.847197, 38.844563, 38.840965, 38.84363, 38.844182, 38.845139, 38.845376, 38.845526, 38.846628, 38.849326, 38.851025, 38.853162, 38.853646)))"
24033801908,Census Tract 8019.08; Prince George's County; Maryland,B19013_001,81060,18427,"list(list(c(-76.953179, -76.948785, -76.946023, -76.942656, -76.933418, -76.932154, -76.932086, -76.934161, -76.936611, -76.93627, -76.935008, -76.933793, -76.93321, -76.933427, -76.933771, -76.939003, -76.9407, -76.941492, -76.945356, -76.946306, -76.946399, -76.948378, -76.952426, -76.956012, -76.953179, 38.852342, 38.851425, 38.850048, 38.847552, 38.844266, 38.842899, 38.842789, 38.842458, 38.84205, 38.840411, 38.840001, 38.840117, 38.840218, 38.837315, 38.83625, 38.838872, 38.838402, 38.839403, 
38.838167, 38.839417, 38.839537, 38.842056, 38.847372, 38.852319, 38.852342)))"
24033801404,Census Tract 8014.04; Prince George's County; Maryland,B19013_001,106509,8046,"list(list(c(-77.0415517903117, -77.041098, -77.040372554527, -77.040098, -77.039498, -77.039006, -77.0375797152565, -77.025577, -77.023056, -77.01497, -77.012772, -77.002835, -76.999023, -76.999006, -76.998717, -76.998735, -76.998444, -76.997493, -76.998103, -76.998578, -77.001956, -77.002788, -77.006488, -77.006266, -77.00604, -77.006012, -77.010334, -77.015072, -77.016291, -77.022662, -77.025228, -77.024923, -77.027712, -77.028256, -77.027383, -77.027896, -77.033327, -77.041597972585, -77.0415517903117, 
38.761037665454, 38.773313, 38.785355394851, 38.789913, 38.791113, 38.791645, 38.792777714848, 38.793198, 38.793525, 38.795514, 38.796426, 38.801405, 38.803382, 38.802004, 38.796575, 38.795034, 38.7872, 38.780329, 38.779382, 38.779293, 38.779538, 38.779985, 38.779555, 38.778569, 38.777507, 38.777306, 38.778413, 38.774156, 38.771941, 38.769912, 38.767875, 38.764891, 38.764196, 38.764697, 38.763117, 38.759783, 38.75967, 38.7597884037574, 38.761037665454)))"
24033806000,Census Tract 8060; Prince George's County; Maryland,B19013_001,91493,22626,"list(list(c(-76.971057, -76.969039, -76.968628, -76.965426, -76.96235, -76.959517, -76.951673, -76.948481, -76.948499, -76.948631, -76.950781, -76.958058, -76.958872, -76.960174, -76.96227, -76.963458, -76.966, -76.969388, -76.97025, -76.970851, -76.970784, -76.970749, -76.971057, 38.965049, 38.966906, 38.967862, 38.96728, 38.967097, 38.966971, 38.966596, 38.966431, 38.96631, 38.966133, 38.964693, 38.958819, 38.958159, 38.957157, 38.955892, 38.95613, 38.955741, 38.961567, 38.962716, 38.963261, 38.963333, 
38.963589, 38.965049)))"
24033805802,Census Tract 8058.02; Prince George's County; Maryland,B19013_001,125144,57762,"list(list(c(-76.979617, -76.979483, -76.979399, -76.978464, -76.978556, -76.977383, -76.972787, -76.971478, -76.970936, -76.971724, -76.971665, -76.972671, -76.972883, -76.968628, -76.969039, -76.971057, -76.970749, -76.970784, -76.974915, -76.979674, -76.979617, 38.972272, 38.972764, 38.974401, 38.976051, 38.978731, 38.979589, 38.984068, 38.984202, 38.978633, 38.97539, 38.973173, 38.970776, 38.969065, 38.967862, 38.966906, 38.965049, 38.963589, 38.963333, 38.966999, 38.972163, 38.972272)))"
24033803002,Census Tract 8030.02; Prince George's County; Maryland,B19013_001,74208,45522,"list(list(c(-76.901952, -76.892085, -76.894421, -76.892542, -76.886728, -76.888199, -76.888836, -76.890113, -76.899686, -76.899065, -76.900123, -76.898942, -76.899484, -76.899522, -76.900301, -76.901952, 38.907467, 38.909581, 38.907574, 38.905121, 38.902136, 38.90122, 38.900854, 38.899973, 38.897487, 38.898783, 38.901571, 38.903172, 38.903396, 38.903353, 38.903593, 38.907467)))"
24033806601,Census Tract 8066.01; Prince George's County; Maryland,B19013_001,85192,21509,"list(list(c(-76.923075, -76.922388, -76.920162, -76.920006, -76.919852, -76.91767, -76.915838, -76.908698, -76.905545, -76.906038, -76.907329, -76.908731, -76.909422, -76.909906, -76.912786, -76.915573, -76.916161, -76.919132, -76.920203, -76.921102, -76.922812, -76.92358, -76.923075, 38.955301, 38.956489, 38.958952, 38.960553, 38.960517, 38.96018, 38.96012, 38.961136, 38.961212, 38.957449, 38.955642, 38.954174, 38.953109, 38.953444, 38.953096, 38.953123, 38.953248, 38.953776, 38.95382, 38.953917, 
38.95392, 38.953955, 38.955301)))"
24033806708,Census Tract 8067.08; Prince George's County; Maryland,B19013_001,66990,10045,"list(list(c(-76.89227, -76.891295, -76.889923, -76.884734, -76.880831, -76.875534, -76.87485, -76.872859, -76.873666, -76.871035, -76.863121, -76.863743, -76.865176, -76.867425, -76.871597, -76.880908, -76.88278, -76.886331, -76.889821, -76.895228, -76.89227, 39.006165, 39.005744, 39.005396, 39.006107, 39.005891, 39.004537, 39.004138, 39.005002, 39.007252, 39.006951, 39.007224, 39.005663, 39.003033, 39.00054, 38.99793, 38.994903, 38.994023, 38.991717, 38.995896, 39.002662, 39.006165)))"
24033801211,Census Tract 8012.11; Prince George's County; Maryland,B19013_001,136270,11721,"list(list(c(-76.923922, -76.922402, -76.922093, -76.918814, -76.91562, -76.914067, -76.908665, -76.907244, -76.906809, -76.904794, -76.903825, -76.901628, -76.899744, -76.897628, -76.897047, -76.891862, -76.890364, -76.888843, -76.889793, -76.887531, -76.887113, -76.891929, -76.895343, -76.900252, -76.899835, -76.90403, -76.905705, -76.910979, -76.91071, -76.91292, -76.923696, -76.923922, 38.780864, 38.782852, 38.784551, 38.785908, 38.785906, 38.787096, 38.7884, 38.789354, 38.789627, 38.790713, 38.794604, 
38.798944, 38.795788, 38.79061, 38.787201, 38.783797, 38.78361, 38.778959, 38.778934, 38.775744, 38.774807, 38.776957, 38.775791, 38.77283, 38.777936, 38.777495, 38.780031, 38.779026, 38.780614, 38.782515, 38.77897, 38.780864)))"
24033805907,Census Tract 8059.07; Prince George's County; Maryland,B19013_001,59095,12490,"list(list(c(-76.983629, -76.982247, -76.980464, -76.97911, -76.976918, -76.974203, -76.974909, -76.977361, -76.981055, -76.982446, -76.983629, 39.002267, 39.00424, 39.006903, 39.006335, 39.006833, 39.006713, 39.003595, 39.003866, 39.004295, 39.001084, 39.002267)))"
24033803516,Census Tract 8035.16; Prince George's County; Maryland,B19013_001,148933,35947,"list(list(c(-76.840454, -76.828585, -76.823213, -76.819533, -76.813094, -76.8095, -76.808802, -76.806094, -76.797705, -76.797479, -76.798838, -76.798534, -76.808149, -76.812212, -76.818704, -76.825702, -76.835058, -76.839075, -76.839418, -76.840454, 38.949271, 38.9559, 38.955946, 38.956378, 38.957025, 38.956821, 38.956711, 38.957264, 38.961084, 38.958448, 38.953207, 38.944333, 38.946069, 38.946643, 38.946874, 38.947121, 38.947335, 38.947108, 38.948331, 38.949271)))"
24033803612,Census Tract 8036.12; Prince George's County; Maryland,B19013_001,75957,8048,"list(list(c(-76.888263, -76.887669, -76.88549, -76.884399, -76.880407, -76.878623, -76.87475, -76.873418, -76.87262, -76.872332, -76.869223, -76.867934, -76.866037, -76.864894, -76.865382, -76.869141, -76.876125, -76.876816, -76.878118, -76.880027, -76.880308, -76.880831, -76.881442, -76.885364, -76.886038, -76.888047, -76.888263, 38.948196, 38.948619, 38.951658, 38.952326, 38.952402, 38.952793, 38.954791, 38.955528, 38.955989, 38.956158, 38.957917, 38.958654, 38.959659, 38.956852, 38.956203, 38.951102, 
38.944619, 38.944048, 38.942862, 38.941458, 38.941849, 38.943433, 38.945619, 38.947378, 38.947431, 38.948006, 38.948196)))"
24033807410,Census Tract 8074.10; Prince George's County; Maryland,B19013_001,85078,15504,"list(list(c(-76.95558, -76.951996, -76.951772, -76.947775, -76.947431, -76.946311, -76.943789, -76.940872, -76.936743, -76.938442, -76.937686, -76.938469, -76.941905, -76.946314, -76.947698, -76.94809, -76.952721, -76.95558, 39.039938, 39.044808, 39.045307, 39.050589, 39.050986, 39.052415, 39.051498, 39.052516, 39.051209, 39.048863, 39.047118, 39.046663, 39.044588, 39.041757, 39.039742, 39.04013, 39.039016, 39.039938)))"
24033803700,Census Tract 8037; Prince George's County; Maryland,B19013_001,102125,26280,"list(list(c(-76.897552, -76.892029, -76.891883, -76.888817, -76.888263, -76.888047, -76.886038, -76.885364, -76.881442, -76.880831, -76.882601, -76.885025, -76.884457, -76.886479, -76.887346, -76.892311, -76.893121, -76.897552, 38.945536, 38.947045, 38.947078, 38.947968, 38.948196, 38.948006, 38.947431, 38.947378, 38.945619, 38.943433, 38.942401, 38.938988, 38.938762, 38.937423, 38.937746, 38.940171, 38.94404, 38.945536)))"
24033803508,Census Tract 8035.08; Prince George's County; Maryland,B19013_001,76719,25822,"list(list(c(-76.873237, -76.87241, -76.871046, -76.869956, -76.867608, -76.864919, -76.864011, -76.860973, -76.860602, -76.860687, -76.86022, -76.856615, -76.855037, -76.85502, -76.854741, -76.854459, -76.853693, -76.851808, -76.856954, -76.860193, -76.860154, -76.864734, -76.868701, -76.870547, -76.874343, -76.873237, 38.927743, 38.928597, 38.929829, 38.930685, 38.932184, 38.933875, 38.934464, 38.933176, 38.932528, 38.931273, 38.931855, 38.932439, 38.933103, 38.932968, 38.930647, 38.928235, 38.923611, 
38.9172, 38.917159, 38.918113, 38.918241, 38.920819, 38.923521, 38.924517, 38.926279, 38.927743)))"
24033805500,Census Tract 8055; Prince George's County; Maryland,B19013_001,86384,20411,"list(list(c(-76.986869, -76.986044, -76.986664, -76.985735, -76.98494, -76.984787, -76.979382, -76.978294, -76.973681, -76.972787, -76.977383, -76.978556, -76.978464, -76.979399, -76.979483, -76.979617, -76.983181, -76.990536, -76.986869, 38.976879, 38.977611, 38.979183, 38.982711, 38.985297, 38.987182, 38.984005, 38.983641, 38.983982, 38.984068, 38.979589, 38.978731, 38.976051, 38.974401, 38.972764, 38.972272, 38.974099, 38.975643, 38.976879)))"
24033802107,Census Tract 8021.07; Prince George's County; Maryland,B19013_001,81971,10412,"list(list(c(-76.909559, -76.905175, -76.903865, -76.903074, -76.902984, -76.895533, -76.895343, -76.89528, -76.898256, -76.899147, -76.900744, -76.901183, -76.903568, -76.901903, -76.900411, -76.902596, -76.904183, -76.908573, -76.911502, -76.909559, 38.8414, 38.84508, 38.847533, 38.849066, 38.849326, 38.846628, 38.844908, 38.843193, 38.842856, 38.843143, 38.84254, 38.84222, 38.841159, 38.836664, 38.836049, 38.835738, 38.837096, 38.838819, 38.839059, 38.8414)))"
24033803520,Census Tract 8035.20; Prince George's County; Maryland,B19013_001,175698,37618,"list(list(c(-76.839076, -76.839075, -76.835058, -76.825702, -76.818704, -76.812212, -76.808149, -76.798534, -76.798564, -76.799528, -76.803041, -76.806683, -76.806872, -76.803909, -76.803318, -76.803433, -76.803558, -76.812601, -76.81529, -76.817179, -76.819902, -76.82008, -76.820314, -76.823456, -76.82825, -76.828097, -76.828884, -76.832769, -76.834187, -76.837952, -76.836458, -76.834804, -76.833225, -76.835881, -76.838502, -76.839947, -76.839076, 38.946864, 38.947108, 38.947335, 38.947121, 38.946874, 
38.946643, 38.946069, 38.944333, 38.944099, 38.941246, 38.936137, 38.928949, 38.927394, 38.92398, 38.922698, 38.9211, 38.921085, 38.919792, 38.91978, 38.919258, 38.921097, 38.923396, 38.924253, 38.928659, 38.929499, 38.930885, 38.930836, 38.932167, 38.932828, 38.934494, 38.935267, 38.936008, 38.935867, 38.938707, 38.943585, 38.94501, 38.946864)))"
24033803513,Census Tract 8035.13; Prince George's County; Maryland,B19013_001,97829,36014,"list(list(c(-76.839306, -76.835427, -76.831997, -76.831921, -76.830418, -76.824973, -76.819598, -76.816984, -76.814668, -76.811481, -76.810993, -76.813747, -76.816727, -76.821473, -76.828418, -76.830301, -76.832549, -76.834378, -76.836124, -76.837555, -76.839306, 38.894751, 38.896445, 38.898325, 38.898104, 38.895035, 38.890815, 38.887944, 38.886387, 38.884307, 38.879545, 38.879051, 38.878296, 38.878204, 38.879807, 38.879023, 38.881492, 38.883487, 38.885172, 38.887641, 38.890776, 38.894751)))"
24033801709,Census Tract 8017.09; Prince George's County; Maryland,B19013_001,69146,21312,"list(list(c(-76.988031, -76.986438, -76.977526, -76.972119, -76.969843, -76.964011, -76.964242, -76.968936, -76.968835, -76.967553, -76.96591, -76.963139, -76.961257, -76.958048, -76.956201, -76.950903, -76.951082, -76.949961, -76.949684, -76.94877, -76.956465, -76.960602, -76.96691, -76.970463, -76.968386, -76.968644, -76.973235, -76.973677, -76.974317, -76.974464, -76.986033, -76.986696, -76.988347, -76.988031, 38.82046, 38.818815, 38.817148, 38.817478, 38.817048, 38.81717, 38.817507, 38.822419, 
38.822611, 38.827931, 38.826585, 38.826228, 38.826931, 38.82674, 38.827743, 38.827917, 38.824603, 38.823461, 38.818401, 38.817279, 38.81479, 38.813098, 38.809432, 38.808777, 38.810655, 38.811149, 38.810858, 38.811064, 38.813714, 38.814163, 38.817063, 38.818483, 38.820343, 38.82046)))"
24033806713,Census Tract 8067.13; Prince George's County; Maryland,B19013_001,63293,13823,"list(list(c(-76.912037, -76.911672, -76.910241, -76.903326, -76.903238, -76.902379, -76.902108, -76.902669, -76.901307, -76.904478, -76.901694, -76.898811, -76.895471, -76.90043, -76.90081, -76.902503, -76.904586, -76.912075, -76.912037, 38.998021, 38.99965, 39.001462, 39.000799, 39.003586, 39.00467, 39.004856, 39.005241, 39.007292, 39.009236, 39.009887, 39.006767, 39.002931, 38.996168, 38.99618, 38.996292, 38.996583, 38.997882, 38.998021)))"
24033807409,Census Tract 8074.09; Prince George's County; Maryland,B19013_001,101761,4893,"list(list(c(-76.962097, -76.957525, -76.95558, -76.952721, -76.94809, -76.947698, -76.946314, -76.941905, -76.938469, -76.937686, -76.93331, -76.932454, -76.930883, -76.932548, -76.937078, -76.940033, -76.943523, -76.943312, -76.947699, -76.949436, -76.949745, -76.95226, -76.950922, -76.953161, -76.953953, -76.956751, -76.958319, -76.960144, -76.962097, 39.031208, 39.037668, 39.039938, 39.039016, 39.04013, 39.039742, 39.041757, 39.044588, 39.046663, 39.047118, 39.049671, 39.050096, 39.050734, 39.047051, 
39.040143, 39.036184, 39.03342, 39.033024, 39.029664, 39.024031, 39.025654, 39.027744, 39.030757, 39.031589, 39.032267, 39.03147, 39.032001, 39.030621, 39.031208)))"
24033807405,Census Tract 8074.05; Prince George's County; Maryland,B19013_001,130680,17231,"list(list(c(-76.949436, -76.947699, -76.943312, -76.943523, -76.940033, -76.937078, -76.932548, -76.930883, -76.929696, -76.925935, -76.923013, -76.922442, -76.918916, -76.915468, -76.912417, -76.912216, -76.911273, -76.912871, -76.915512, -76.923426, -76.925108, -76.925888, -76.926596, -76.927889, -76.930602, -76.938124, -76.93969, -76.94338, -76.945874, -76.949857, -76.949436, 39.024031, 39.029664, 39.033024, 39.03342, 39.036184, 39.040143, 39.047051, 39.050734, 39.051075, 39.051611, 39.050943, 
39.05104, 39.04908, 39.046433, 39.044007, 39.041599, 39.038006, 39.034841, 39.029315, 39.023751, 39.021793, 39.020536, 39.018439, 39.018607, 39.019229, 39.022084, 39.022492, 39.02287, 39.022795, 39.022085, 39.024031)))"
24033803527,Census Tract 8035.27; Prince George's County; Maryland,B19013_001,117571,18244,"list(list(c(-76.831997, -76.831667, -76.828639, -76.822707, -76.818486, -76.810058, -76.807632, -76.807299, -76.809791, -76.812316, -76.812673, -76.813123, -76.819598, -76.824973, -76.830418, -76.831921, -76.831997, 38.898325, 38.898453, 38.89916, 38.899091, 38.898739, 38.897485, 38.897848, 38.896638, 38.894222, 38.892964, 38.892033, 38.889796, 38.887944, 38.890815, 38.895035, 38.898104, 38.898325)))"
24033800106,Census Tract 8001.06; Prince George's County; Maryland,B19013_001,135119,24886,"list(list(c(-76.893848, -76.892207, -76.889975, -76.884388, -76.875008, -76.871688, -76.871113, -76.871735, -76.872228, -76.874639, -76.875706, -76.870356, -76.865173, -76.861279, -76.858603, -76.857208, -76.857547, -76.857925, -76.865487, -76.865894, -76.868244, -76.87344, -76.875943, -76.880649, -76.883158, -76.884213, -76.884849, -76.884958, -76.885947, -76.889696, -76.890672, -76.892738, -76.893848, 39.08965, 39.092527, 39.099866, 39.100827, 39.102442, 39.102898, 39.102884, 39.100266, 39.09955, 
39.096738, 39.094302, 39.093572, 39.093048, 39.092211, 39.092147, 39.091763, 39.091472, 39.091137, 39.089834, 39.090081, 39.09058, 39.090482, 39.091248, 39.091038, 39.090079, 39.090112, 39.090011, 39.090274, 39.09016, 39.089193, 39.089179, 39.089011, 39.08965)))"
24033801904,Census Tract 8019.04; Prince George's County; Maryland,B19013_001,112264,25567,"list(list(c(-76.923139, -76.921528, -76.919318, -76.919134, -76.915397, -76.917288, -76.915416, -76.91934, -76.90522, -76.902531, -76.899179, -76.895737, -76.892856, -76.89265, -76.887674, -76.88389, -76.881573, -76.87989, -76.87962, -76.875526, -76.874441, -76.87386, -76.867969, -76.8679, -76.869641, -76.872369, -76.877943, -76.8781, -76.885853, -76.892417, -76.893659, -76.895511, -76.895581, -76.897035, -76.899705, -76.900798, -76.903184, -76.90353, -76.905789, -76.910383, -76.913431, -76.916153, 
-76.921253, -76.923057, -76.923139, 38.804951, 38.807706, 38.811133, 38.811299, 38.813109, 38.815424, 38.816179, 38.81972, 38.817924, 38.817998, 38.818694, 38.81971, 38.820701, 38.820494, 38.822134, 38.823838, 38.825673, 38.826794, 38.826606, 38.829381, 38.8302, 38.830698, 38.829938, 38.82957, 38.829345, 38.828764, 38.826365, 38.826257, 38.821523, 38.816865, 38.815424, 38.811612, 38.811673, 38.809435, 38.807408, 38.807022, 38.806636, 38.806503, 38.804961, 38.800589, 38.801911, 38.8026, 38.802509, 
38.802142, 38.804951)))"
24033800412,Census Tract 8004.12; Prince George's County; Maryland,B19013_001,102578,25628,"list(list(c(-76.852827, -76.85316, -76.851804, -76.851247, -76.850011, -76.84293, -76.837256, -76.835994, -76.836116, -76.83767, -76.839043, -76.835706, -76.835085, -76.832813, -76.832317, -76.831657, -76.838664, -76.839908, -76.841668, -76.844742, -76.846902, -76.847111, -76.853382, -76.852827, 38.979118, 38.983437, 38.985298, 38.990803, 38.990701, 38.992134, 38.990904, 38.990913, 38.989633, 38.987235, 38.9858, 38.984636, 38.980947, 38.979664, 38.979909, 38.979285, 38.975585, 38.97583, 38.974921, 
38.977488, 38.980743, 38.980637, 38.97814, 38.979118)))"
24033801105,Census Tract 8011.05; Prince George's County; Maryland,B19013_001,89342,26389,"list(list(c(-76.905789, -76.90353, -76.903184, -76.900798, -76.899705, -76.897035, -76.895581, -76.895511, -76.893659, -76.892417, -76.885853, -76.8781, -76.878589, -76.879716, -76.880689, -76.880034, -76.879558, -76.87959, -76.88117, -76.881154, -76.886335, -76.894202, -76.895745, -76.898146, -76.898599, -76.898282, -76.896641, -76.894302, -76.889039, -76.886541, -76.888743, -76.890364, -76.891862, -76.897047, -76.897628, -76.899744, -76.901628, -76.903657, -76.905789, 38.804961, 38.806503, 38.806636, 
38.807022, 38.807408, 38.809435, 38.811673, 38.811612, 38.815424, 38.816865, 38.821523, 38.826257, 38.821044, 38.821038, 38.818506, 38.818219, 38.81763, 38.810407, 38.810302, 38.806506, 38.806514, 38.806518, 38.806803, 38.803966, 38.802073, 38.797932, 38.794678, 38.792424, 38.788519, 38.787769, 38.783793, 38.78361, 38.783797, 38.787201, 38.79061, 38.795788, 38.798944, 38.801874, 38.804961)))"
24033800519,Census Tract 8005.19; Prince George's County; Maryland,B19013_001,158519,32460,"list(list(c(-76.734553, -76.731336, -76.730515, -76.727459, -76.726128, -76.725616, -76.72249, -76.717903, -76.71796, -76.717552, -76.716145, -76.716152, -76.717058, -76.717624, -76.718263, -76.720054, -76.720211, -76.720362, -76.720495, -76.720566, -76.726016, -76.726669, -76.727925, -76.729831, -76.732353, -76.732917, -76.734514, -76.734553, 38.929826, 38.935763, 38.938077, 38.94068, 38.939527, 38.937038, 38.934693, 38.935305, 38.935787, 38.935331, 38.925015, 38.924486, 38.915911, 38.916032, 38.916062, 
38.915289, 38.915233, 38.915182, 38.91514, 38.915123, 38.915427, 38.91558, 38.91657, 38.918386, 38.9231, 38.925738, 38.929351, 38.929826)))"
24033801901,Census Tract 8019.01; Prince George's County; Maryland,B19013_001,139063,21764,"list(list(c(-76.94877, -76.946388, -76.943559, -76.937341, -76.931159, -76.924771, -76.91934, -76.915416, -76.917288, -76.915397, -76.919134, -76.919318, -76.921528, -76.923139, -76.923057, -76.921253, -76.916153, -76.913431, -76.910383, -76.913299, -76.915395, -76.916778, -76.921345, -76.927428, -76.928592, -76.92726, -76.927893, -76.929018, -76.929449, -76.935064, -76.936595, -76.936923, -76.937018, -76.937841, -76.938943, -76.943939, -76.945952, -76.946423, -76.94877, 38.817279, 38.817953, 38.818209, 
38.817965, 38.818843, 38.820171, 38.81972, 38.816179, 38.815424, 38.813109, 38.811299, 38.811133, 38.807706, 38.804951, 38.802142, 38.802509, 38.8026, 38.801911, 38.800589, 38.798229, 38.795811, 38.793961, 38.792756, 38.793574, 38.793326, 38.799274, 38.800316, 38.800917, 38.801152, 38.806128, 38.807603, 38.808354, 38.808837, 38.812462, 38.813508, 38.814197, 38.814142, 38.815402, 38.817279)))"
24033807304,Census Tract 8073.04; Prince George's County; Maryland,B19013_001,122625,22532,"list(list(c(-76.971723, -76.968492, -76.968312, -76.967332, -76.966186, -76.962097, -76.960144, -76.958319, -76.956751, -76.953953, -76.953161, -76.950922, -76.95226, -76.949745, -76.949436, -76.949857, -76.957804, -76.964245, -76.969157, -76.971723, 39.018556, 39.022828, 39.02308, 39.024662, 39.026204, 39.031208, 39.030621, 39.032001, 39.03147, 39.032267, 39.031589, 39.030757, 39.027744, 39.025654, 39.024031, 39.022085, 39.02022, 39.019006, 39.018533, 39.018556)))"
24033805801,Census Tract 8058.01; Prince George's County; Maryland,B19013_001,81985,40479,"list(list(c(-76.972671, -76.971665, -76.971724, -76.970936, -76.971478, -76.972787, -76.968251, -76.966495, -76.964031, -76.964285, -76.964185, -76.963836, -76.96167, -76.96213, -76.965642, -76.965641, -76.964011, -76.964485, -76.965794, -76.966669, -76.967692, -76.968628, -76.972883, -76.972671, 38.970776, 38.973173, 38.97539, 38.978633, 38.984202, 38.984068, 38.98984, 38.989392, 38.988549, 38.984892, 38.984783, 38.982075, 38.981468, 38.979927, 38.977655, 38.976595, 38.974289, 38.970846, 38.969675, 
38.968612, 38.968605, 38.967862, 38.969065, 38.970776)))"
24033803528,Census Tract 8035.28; Prince George's County; Maryland,B19013_001,135306,14937,"list(list(c(-76.83215, -76.828913, -76.824465, -76.817179, -76.81529, -76.812601, -76.803558, -76.803433, -76.803921, -76.803653, -76.800891, -76.799177, -76.797761, -76.796778, -76.793018, -76.794038, -76.796293, -76.80116, -76.804059, -76.807632, -76.810058, -76.818486, -76.822707, -76.822834, -76.823624, -76.826448, -76.827444, -76.830056, -76.83215, 38.916629, 38.917217, 38.917118, 38.919258, 38.91978, 38.919792, 38.921085, 38.9211, 38.917963, 38.917349, 38.91445, 38.910471, 38.908134, 38.90488, 
38.900853, 38.899939, 38.899377, 38.898926, 38.898645, 38.897848, 38.897485, 38.898739, 38.899091, 38.902296, 38.903201, 38.90479, 38.906018, 38.913191, 38.916629)))"
24033800109,Census Tract 8001.09; Prince George's County; Maryland,B19013_001,100909,25053,"list(list(c(-76.874639, -76.872228, -76.871735, -76.871113, -76.870529, -76.868315, -76.867679, -76.866054, -76.863187, -76.862397, -76.862036, -76.860531, -76.857643, -76.856111, -76.854945, -76.853048, -76.849804, -76.850848, -76.855387, -76.858103, -76.859151, -76.862315, -76.867403, -76.86995, -76.870356, -76.875706, -76.874639, 39.096738, 39.09955, 39.100266, 39.102884, 39.102882, 39.102606, 39.102316, 39.101893, 39.1015, 39.101593, 39.101603, 39.101802, 39.101515, 39.101373, 39.101205, 39.100305, 
39.098183, 39.097223, 39.099454, 39.099876, 39.099639, 39.098408, 39.096576, 39.096734, 39.093572, 39.094302, 39.096738)))"
24033800514,Census Tract 8005.14; Prince George's County; Maryland,B19013_001,170630,28996,"list(list(c(-76.798838, -76.797479, -76.797705, -76.794496, -76.792986, -76.79143, -76.785268, -76.783005, -76.780824, -76.778344, -76.773562, -76.773523, -76.773514, -76.772187, -76.764972, -76.765101, -76.765384, -76.765523, -76.765529, -76.765625, -76.766704, -76.765998, -76.766567, -76.770228, -76.770972, -76.770687, -76.770402, -76.770711, -76.771327, -76.771179, -76.770202, -76.777869, -76.790426, -76.7953, -76.798534, -76.798838, 38.953207, 38.958448, 38.961084, 38.963375, 38.965167, 38.966841, 
38.971659, 38.972613, 38.97304, 38.973059, 38.972292, 38.972223, 38.972142, 38.971817, 38.97061, 38.969651, 38.967684, 38.966663, 38.966205, 38.965706, 38.964619, 38.961885, 38.960614, 38.960266, 38.960059, 38.958055, 38.95708, 38.954126, 38.948361, 38.947715, 38.945405, 38.944782, 38.94376, 38.943835, 38.944333, 38.953207)))"
24033800515,Census Tract 8005.15; Prince George's County; Maryland,B19013_001,125564,12574,"list(list(c(-76.750822, -76.745839, -76.743961, -76.743327, -76.7431, -76.73884, -76.738024, -76.731688, -76.727546, -76.727657, -76.732144, -76.737313, -76.738263, -76.741154, -76.742143, -76.742293, -76.73983, -76.738588, -76.734608, -76.731336, -76.734553, -76.734514, -76.732917, -76.738557, -76.743016, -76.744462, -76.747731, -76.748313, -76.750627, -76.750741, -76.7508, -76.750822, 38.950643, 38.952701, 38.953031, 38.953094, 38.953103, 38.952922, 38.951423, 38.949877, 38.947282, 38.946189, 38.946061, 
38.947495, 38.94622, 38.943757, 38.942437, 38.939896, 38.936518, 38.935994, 38.936236, 38.935763, 38.929826, 38.929351, 38.925738, 38.926179, 38.925262, 38.928234, 38.934738, 38.935998, 38.945433, 38.947187, 38.949695, 38.950643)))"
24033802502,Census Tract 8025.02; Prince George's County; Maryland,B19013_001,98871,13137,"list(list(c(-76.9359441963954, -76.9349713257387, -76.9338048141363, -76.9337188787997, -76.925032, -76.920829, -76.923253, -76.923834, -76.923625, -76.924859, -76.928222, -76.932873, -76.934198, -76.935941, -76.9394901437422, -76.9359441963954, 38.8720799964498, 38.8728417778189, 38.8737551847548, 38.8738224742119, 38.872148, 38.870137, 38.867943, 38.867395, 38.86565, 38.864728, 38.865812, 38.86496, 38.866054, 38.866476, 38.8693034334955, 38.8720799964498)))"
24033802204,Census Tract 8022.04; Prince George's County; Maryland,B19013_001,119681,18744,"list(list(c(-76.886596, -76.88348, -76.885841, -76.885118, -76.883511, -76.880771, -76.879355, -76.878064, -76.86728, -76.864099, -76.860013, -76.856839, -76.858567, -76.85884, -76.862662, -76.862716, -76.853552, -76.851369, -76.847344, -76.847253, -76.845997, -76.8442, -76.843872, -76.844661, -76.850715, -76.852898, -76.854381, -76.856211, -76.862105, -76.862912, -76.871418, -76.870359, -76.874385, -76.878987, -76.880834, -76.882891, -76.882949, -76.883137, -76.887797, -76.886596, 38.863294, 38.864661, 
38.867514, 38.871294, 38.872092, 38.874323, 38.875091, 38.875459, 38.875923, 38.875797, 38.874708, 38.87308, 38.878826, 38.880085, 38.889606, 38.889812, 38.890731, 38.891031, 38.892164, 38.891953, 38.888663, 38.883738, 38.872072, 38.868914, 38.859434, 38.857147, 38.858463, 38.859022, 38.858509, 38.858541, 38.860324, 38.862113, 38.862094, 38.861176, 38.859984, 38.862071, 38.862562, 38.862223, 38.860865, 38.863294)))"
24033806100,Census Tract 8061; Prince George's County; Maryland,B19013_001,114000,5806,"list(list(c(-76.96649, -76.964924, -76.96227, -76.960174, -76.958872, -76.958058, -76.950781, -76.948631, -76.948519, -76.948393, -76.947734, -76.947594, -76.947483, -76.953214, -76.954763, -76.95635, -76.958007, -76.959112, -76.960226, -76.96066, -76.961721, -76.962241, -76.962773, -76.965657, -76.966321, -76.96649, 38.952503, 38.954382, 38.955892, 38.957157, 38.958159, 38.958819, 38.964693, 38.966133, 38.966057, 38.965887, 38.956759, 38.954831, 38.9533, 38.952949, 38.953261, 38.949078, 38.948939, 
38.949762, 38.950166, 38.950659, 38.953436, 38.953856, 38.954033, 38.952579, 38.952519, 38.952503)))"
24033807000,Census Tract 8070; Prince George's County; Maryland,B19013_001,45761,22225,"list(list(c(-76.934652, -76.935656, -76.935627, -76.933208, -76.932622, -76.933396, -76.934074, -76.93436, -76.933819, -76.934175, -76.93608, -76.935794, -76.932639, -76.930127, -76.92779, -76.929271, -76.926661, -76.923463, -76.922957, -76.918917, -76.915891, -76.916548, -76.920104, -76.921463, -76.919422, -76.920395, -76.920141, -76.921866, -76.922929, -76.921034, -76.918614, -76.91667, -76.917493, -76.922254, -76.926148, -76.929032, -76.930922, -76.933957, -76.937148, -76.934652, 38.989607, 38.991039, 
38.992586, 38.997093, 38.998669, 39.000537, 39.001445, 39.005446, 39.006894, 39.009034, 39.01148, 39.016102, 39.016809, 39.015937, 39.014341, 39.008865, 39.008593, 39.006256, 39.008065, 39.007408, 39.006175, 39.005313, 39.00678, 39.003564, 39.002871, 38.998044, 38.998042, 38.993949, 38.991397, 38.991166, 38.982939, 38.980186, 38.978709, 38.983222, 38.984265, 38.984212, 38.983187, 38.985194, 38.98555, 38.989607)))"
24033801003,Census Tract 8010.03; Prince George's County; Maryland,B19013_001,136167,25236,"list(list(c(-76.939201, -76.936423, -76.933727, -76.923593, -76.921567, -76.920427, -76.920634, -76.925284, -76.926262, -76.925902, -76.923419, -76.919131, -76.916157, -76.910091, -76.907325, -76.904545, -76.899016, -76.896963, -76.893887, -76.889241, -76.887347, -76.88281, -76.880559, -76.878679, -76.875936, -76.871352, -76.868828, -76.865488, -76.863739, -76.854784, -76.847712, -76.8376, -76.837467, -76.83501, -76.833936, -76.830679, -76.826289, -76.822436, -76.821031, -76.819189, -76.817172, -76.812349, 
-76.810757, -76.808011, -76.804355, -76.802907, -76.798583, -76.797239, -76.795645, -76.792085, -76.790611, -76.788007, -76.7897, -76.793024, -76.793845, -76.793735, -76.795033, -76.796766, -76.799736, -76.801367, -76.808457, -76.808431, -76.810929, -76.813131, -76.813606, -76.815775, -76.809535, -76.806121, -76.80183, -76.799326, -76.796198, -76.789603, -76.787079, -76.791781, -76.797611, -76.805426, -76.807672, -76.806316, -76.806126, -76.806324, -76.807853, -76.809972, -76.811121, -76.814098, 
-76.816857, -76.817544, -76.835235, -76.842026, -76.856935, -76.863395, -76.864412, -76.866367, -76.868928, -76.871568, -76.874037, -76.874167, -76.874495, -76.878755, -76.879986, -76.882269, -76.886026, -76.889246, -76.890443, -76.894461, -76.89515, -76.898345, -76.901273, -76.902768, -76.904552, -76.911093, -76.913516, -76.913423, -76.914242, -76.915394, -76.915015, -76.916641, -76.917611, -76.924824, -76.927494, -76.928302, -76.928885, -76.931537, -76.934949, -76.936584, -76.939201, 38.678114, 
38.679811, 38.680719, 38.685107, 38.6854, 38.688486, 38.6926, 38.695906, 38.697646, 38.699885, 38.703388, 38.705808, 38.704428, 38.703395, 38.704014, 38.705911, 38.706524, 38.70713, 38.707327, 38.706478, 38.705802, 38.704733, 38.703504, 38.702531, 38.701812, 38.700717, 38.699129, 38.696314, 38.695889, 38.697259, 38.696982, 38.713159, 38.71114, 38.708223, 38.708859, 38.708439, 38.70943, 38.709498, 38.708898, 38.70672, 38.706701, 38.707672, 38.709202, 38.710015, 38.712618, 38.712895, 38.714567, 38.716004, 
38.719251, 38.712975, 38.711282, 38.710622, 38.70726, 38.70487, 38.703683, 38.701983, 38.6996, 38.698684, 38.699012, 38.698271, 38.696749, 38.692445, 38.69071, 38.687815, 38.686114, 38.68388, 38.677839, 38.676414, 38.675214, 38.67391, 38.671392, 38.66842, 38.666089, 38.664502, 38.663029, 38.662966, 38.662531, 38.659783, 38.65269, 38.651935, 38.648543, 38.646901, 38.645317, 38.643066, 38.641595, 38.641952, 38.648349, 38.651025, 38.656401, 38.658506, 38.658091, 38.658877, 38.657936, 38.65888, 38.658257, 
38.65826, 38.658284, 38.659013, 38.658658, 38.656962, 38.657619, 38.656817, 38.654968, 38.655226, 38.654594, 38.654613, 38.652344, 38.652467, 38.651569, 38.652908, 38.652928, 38.655001, 38.657507, 38.659373, 38.660323, 38.663304, 38.663579, 38.663446, 38.664513, 38.665847, 38.668735, 38.670218, 38.67019, 38.672593, 38.678114)))"
24033802201,Census Tract 8022.01; Prince George's County; Maryland,B19013_001,127465,16534,"list(list(c(-76.872146, -76.867001, -76.862808, -76.858882, -76.852898, -76.850715, -76.844661, -76.838369, -76.83914, -76.842122, -76.845459, -76.846167, -76.844351, -76.844904, -76.846772, -76.841478, -76.837558, -76.834736, -76.837983, -76.839146, -76.84319, -76.845814, -76.849132, -76.850341, -76.852172, -76.855021, -76.853984, -76.85678, -76.8679, -76.867969, -76.87386, -76.872146, 38.832549, 38.83975, 38.845583, 38.851986, 38.857147, 38.859434, 38.868914, 38.867156, 38.862431, 38.860048, 38.854019, 
38.852757, 38.847704, 38.845652, 38.844243, 38.837911, 38.834729, 38.834024, 38.832875, 38.830826, 38.828631, 38.829475, 38.829627, 38.828467, 38.829191, 38.828706, 38.826073, 38.829739, 38.82957, 38.829938, 38.830698, 38.832549)))"
24033802700,Census Tract 8027; Prince George's County; Maryland,B19013_001,87292,13097,"list(list(c(-76.9239724376518, -76.9209802218103, -76.9208251111037, -76.920195, -76.919295, -76.9185505215439, -76.9185356627107, -76.9133033917624, -76.9132625757576, -76.9127638557406, -76.91252, -76.910254, -76.904974, -76.902742, -76.900182, -76.900331, -76.901742, -76.903669, -76.908476, -76.909873, -76.911951, -76.912768, -76.913866, -76.915212, -76.916306, -76.917432, -76.917339, -76.920671, -76.923272, -76.9239724376518, 38.8814541745108, 38.8837971522383, 38.8839186076914, 38.884412, 38.885112, 
38.8856900656247, 38.8857016030717, 38.8897643075727, 38.889796, 38.8901832414249, 38.889865, 38.889537, 38.887629, 38.887098, 38.88685, 38.88664, 38.886328, 38.886057, 38.885375, 38.885173, 38.881164, 38.880207, 38.881337, 38.879705, 38.877612, 38.875394, 38.877221, 38.878341, 38.881711, 38.8814541745108)))"
24033800206,Census Tract 8002.06; Prince George's County; Maryland,B19013_001,93601,19827,"list(list(c(-76.850328, -76.846416, -76.842745, -76.838647, -76.838622, -76.835892, -76.831532, -76.831424, -76.829161, -76.828971, -76.827501, -76.826494, -76.822326, -76.821203, -76.819591, -76.817263, -76.816205, -76.814993, -76.813168, -76.810537, -76.813388, -76.815087, -76.817752, -76.815676, -76.817757, -76.820386, -76.820902, -76.820106, -76.816908, -76.816512, -76.816041, -76.816373, -76.817893, -76.819936, -76.824877, -76.82791, -76.832354, -76.834777, -76.841207, -76.844475, -76.84772, 
-76.852251, -76.850328, 39.037058, 39.044152, 39.05013, 39.058711, 39.058768, 39.063296, 39.069162, 39.069034, 39.065717, 39.064441, 39.06572, 39.065695, 39.063338, 39.063539, 39.062466, 39.061774, 39.062623, 39.061767, 39.062281, 39.060922, 39.061259, 39.058229, 39.055264, 39.054232, 39.053001, 39.053863, 39.052654, 39.0513, 39.049207, 39.048129, 39.044302, 39.042238, 39.039203, 39.037275, 39.034436, 39.033098, 39.032316, 39.032368, 39.033406, 39.033834, 39.03382, 39.033345, 39.037058)))"
24033806706,Census Tract 8067.06; Prince George's County; Maryland,B19013_001,104545,13294,"list(list(c(-76.915144, -76.913771, -76.914063, -76.91309, -76.910622, -76.909636, -76.90893, -76.907597, -76.906304, -76.903636, -76.901417, -76.902503, -76.90081, -76.90043, -76.895471, -76.895228, -76.889821, -76.886331, -76.882276, -76.877031, -76.876704, -76.876404, -76.873537, -76.874115, -76.875002, -76.877316, -76.881706, -76.887191, -76.888159, -76.888574, -76.888745, -76.888905, -76.889037, -76.891357, -76.893413, -76.897117, -76.899087, -76.900043, -76.903403, -76.90411, -76.904868, -76.914339, 
-76.915144, 38.972167, 38.975024, 38.975122, 38.979788, 38.98263, 38.985141, 38.987483, 38.989225, 38.990651, 38.993241, 38.994888, 38.996292, 38.99618, 38.996168, 39.002931, 39.002662, 38.995896, 38.991717, 38.987228, 38.981767, 38.981871, 38.981547, 38.978248, 38.97793, 38.977525, 38.976997, 38.975445, 38.974411, 38.973742, 38.973426, 38.9733, 38.9732, 38.973132, 38.972526, 38.972291, 38.972554, 38.972509, 38.972453, 38.971952, 38.971915, 38.971918, 38.972059, 38.972167)))"
24033807407,Census Tract 8074.07; Prince George's County; Maryland,B19013_001,101964,16081,"list(list(c(-76.944595, -76.943736, -76.937202, -76.935883, -76.93023, -76.928677, -76.928122, -76.921017, -76.919433, -76.917638, -76.909285, -76.903102, -76.901128, -76.901478, -76.901394, -76.900733, -76.900412, -76.897174, -76.911926, -76.912505, -76.914828, -76.921197, -76.92375, -76.926803, -76.928911, -76.930883, -76.932454, -76.93331, -76.937686, -76.938442, -76.936743, -76.940872, -76.943789, -76.946311, -76.944595, 39.054758, 39.056014, 39.064945, 39.066613, 39.074272, 39.076723, 39.076484, 
39.075506, 39.080452, 39.080053, 39.079907, 39.081922, 39.083339, 39.084606, 39.085226, 39.086304, 39.08644, 39.085384, 39.065406, 39.064949, 39.063535, 39.061076, 39.06009, 39.057916, 39.055166, 39.050734, 39.050096, 39.049671, 39.047118, 39.048863, 39.051209, 39.052516, 39.051498, 39.052415, 39.054758)))"
24033807301,Census Tract 8073.01; Prince George's County; Maryland,B19013_001,81250,12987,"list(list(c(-76.958366, -76.95402, -76.953417, -76.952668, -76.952011, -76.951015, -76.950206, -76.949857, -76.945874, -76.94338, -76.93969, -76.938124, -76.930602, -76.927889, -76.926596, -76.926668, -76.92779, -76.930127, -76.932639, -76.935794, -76.93608, -76.934175, -76.933819, -76.93436, -76.934074, -76.933396, -76.932622, -76.936229, -76.936968, -76.940691, -76.940602, -76.93761, -76.936925, -76.941879, -76.942869, -76.943091, -76.943707, -76.944049, -76.944575, -76.944744, -76.945082, -76.9461, 
-76.948222, -76.953255, -76.951822, -76.949484, -76.950102, -76.955418, -76.957535, -76.958366, 39.004409, 39.011204, 39.010884, 39.013883, 39.016518, 39.01824, 39.020502, 39.022085, 39.022795, 39.02287, 39.022492, 39.022084, 39.019229, 39.018607, 39.018439, 39.018198, 39.014341, 39.015937, 39.016809, 39.016102, 39.01148, 39.009034, 39.006894, 39.005446, 39.001445, 39.000537, 38.998669, 38.999484, 38.999603, 39.000248, 39.001099, 39.001365, 39.004563, 39.005527, 39.003904, 39.003536, 39.001768, 39.001484, 
39.001176, 39.000898, 39.000938, 39.001154, 39.001531, 39.002794, 39.004915, 39.006089, 39.006656, 39.005237, 39.003101, 39.004409)))"
24033803509,Census Tract 8035.09; Prince George's County; Maryland,B19013_001,72042,24860,"list(list(c(-76.897604, -76.887415, -76.886479, -76.884457, -76.885025, -76.882601, -76.880831, -76.880308, -76.880027, -76.882579, -76.88257, -76.88534, -76.88412, -76.882575, -76.872134, -76.870548, -76.869666, -76.868454, -76.867608, -76.869956, -76.871046, -76.87241, -76.873237, -76.874343, -76.87758, -76.881029, -76.883086, -76.884742, -76.886927, -76.888409, -76.890063, -76.895975, -76.896279, -76.897604, 38.930543, 38.937302, 38.937423, 38.938762, 38.938988, 38.942401, 38.943433, 38.941849, 
38.941458, 38.939778, 38.93931, 38.936892, 38.9363, 38.935831, 38.936907, 38.935518, 38.935075, 38.932972, 38.932184, 38.930685, 38.929829, 38.928597, 38.927743, 38.926279, 38.927257, 38.927411, 38.927157, 38.926938, 38.926662, 38.926733, 38.92723, 38.929805, 38.929953, 38.930543)))"
24033804400,Census Tract 8044; Prince George's County; Maryland,B19013_001,104583,16148,"list(list(c(-76.958798975852, -76.955597, -76.949443, -76.946516, -76.94559, -76.943561, -76.944785, -76.94365, -76.943379, -76.943239, -76.943532, -76.94394, -76.943981, -76.942147, -76.940616, -76.93944, -76.938594, -76.939381, -76.938614, -76.938507, -76.940231, -76.9419204562069, -76.9419210679896, -76.9438638818987, -76.9560509609247, -76.9576171486463, -76.957718618064, -76.958798975852, 38.9316324346594, 38.935067, 38.941759, 38.944874, 38.944132, 38.943911, 38.941196, 38.939007, 38.938789, 
38.938654, 38.938485, 38.938268, 38.938246, 38.93766, 38.936426, 38.933269, 38.933008, 38.931436, 38.924422, 38.922754, 38.919932, 38.9185860266153, 38.9185864994984, 38.9200882154987, 38.9295083310765, 38.9307189303778, 38.9307973621038, 38.9316324346594)))"
24033801411,Census Tract 8014.11; Prince George's County; Maryland,B19013_001,135250,9787,"list(list(c(-77.017199, -77.016082, -77.015816, -77.016291, -77.015072, -77.010334, -77.006012, -77.00604, -77.006266, -77.006488, -77.002788, -77.001956, -76.998578, -76.998103, -76.997493, -76.994709, -76.993813, -76.9952, -77.001035, -77.001671, -77.004234, -77.00471, -77.012359, -77.016723, -77.017199, 38.764683, 38.765377, 38.767536, 38.771941, 38.774156, 38.778413, 38.777306, 38.777507, 38.778569, 38.779555, 38.779985, 38.779538, 38.779293, 38.779382, 38.780329, 38.767116, 38.76083, 38.760087, 
38.761339, 38.759339, 38.760558, 38.761035, 38.760723, 38.75906, 38.764683)))"
24033802203,Census Tract 8022.03; Prince George's County; Maryland,B19013_001,68333,14611,"list(list(c(-76.889126, -76.884391, -76.88446, -76.881126, -76.878367, -76.877847, -76.88111, -76.880834, -76.878987, -76.874385, -76.870359, -76.871418, -76.862912, -76.862105, -76.856211, -76.854381, -76.852898, -76.858882, -76.862808, -76.867001, -76.872503, -76.874229, -76.874046, -76.877404, -76.878867, -76.882268, -76.886622, -76.889738, -76.889126, 38.852763, 38.853056, 38.854501, 38.854012, 38.857251, 38.857895, 38.859951, 38.859984, 38.861176, 38.862094, 38.862113, 38.860324, 38.858541, 
38.858509, 38.859022, 38.858463, 38.857147, 38.851986, 38.845583, 38.83975, 38.840594, 38.840965, 38.844563, 38.847197, 38.84805, 38.849617, 38.849985, 38.85121, 38.852763)))"
24033802001,Census Tract 8020.01; Prince George's County; Maryland,B19013_001,65842,28600,"list(list(c(-76.932154, -76.928864, -76.926944, -76.924773, -76.920412, -76.916147, -76.915332, -76.914464, -76.913773, -76.913075, -76.911502, -76.908573, -76.904183, -76.902596, -76.902502, -76.909798, -76.911685, -76.913332, -76.916499, -76.917751, -76.920589, -76.924503, -76.927241, -76.929976, -76.932086, -76.932154, 38.842899, 38.844509, 38.846504, 38.848837, 38.845857, 38.843876, 38.842509, 38.839909, 38.839297, 38.83905, 38.839059, 38.838819, 38.837096, 38.835738, 38.835656, 38.834497, 38.834364, 
38.834359, 38.834659, 38.834841, 38.835467, 38.836551, 38.837825, 38.840091, 38.842789, 38.842899)))"
24033802002,Census Tract 8020.02; Prince George's County; Maryland,B19013_001,117143,30828,"list(list(c(-76.930325, -76.923356, -76.92271, -76.920259, -76.920015, -76.91857, -76.911803, -76.910348, -76.90716, -76.902984, -76.903074, -76.903865, -76.905175, -76.909559, -76.911502, -76.913075, -76.913773, -76.914464, -76.915332, -76.916147, -76.920412, -76.924773, -76.930899, -76.930325, 38.852407, 38.854277, 38.852793, 38.853311, 38.851705, 38.852064, 38.852757, 38.853162, 38.851025, 38.849326, 38.849066, 38.847533, 38.84508, 38.8414, 38.839059, 38.83905, 38.839297, 38.839909, 38.842509, 
38.843876, 38.845857, 38.848837, 38.852091, 38.852407)))"
24033801215,Census Tract 8012.15; Prince George's County; Maryland,B19013_001,170216,30547,"list(list(c(-76.86738, -76.866087, -76.855907, -76.850458, -76.847813, -76.84602, -76.843304, -76.839724, -76.838972, -76.837576, -76.839191, -76.840994, -76.840913, -76.842176, -76.843275, -76.84322, -76.841447, -76.841376, -76.841933, -76.843779, -76.844656, -76.846003, -76.846539, -76.850974, -76.852908, -76.85711, -76.862124, -76.863953, -76.864651, -76.867046, -76.86738, 38.775928, 38.776113, 38.779454, 38.782812, 38.783788, 38.783718, 38.785436, 38.780421, 38.778109, 38.776979, 38.774584, 38.774079, 
38.77077, 38.766876, 38.765134, 38.763748, 38.76012, 38.756519, 38.754322, 38.752471, 38.748295, 38.746386, 38.746196, 38.747822, 38.748888, 38.752397, 38.756082, 38.761253, 38.767052, 38.771667, 38.775928)))"
24033800704,Census Tract 8007.04; Prince George's County; Maryland,B19013_001,90953,19157,"list(list(c(-76.80771, -76.804645, -76.799326, -76.797543, -76.796258, -76.794799, -76.79296, -76.783005, -76.780071, -76.772824, -76.76998, -76.768155, -76.764958, -76.76137, -76.761494, -76.759915, -76.759113, -76.76128, -76.763757, -76.766148, -76.768373, -76.768799, -76.77509, -76.775689, -76.778723, -76.785439, -76.787457, -76.789113, -76.792671, -76.793721, -76.799794, -76.803862, -76.805461, -76.80771, 38.761287, 38.766631, 38.77815, 38.781576, 38.782993, 38.784098, 38.785206, 38.791157, 38.791835, 
38.792154, 38.792982, 38.794042, 38.79668, 38.797655, 38.794281, 38.790995, 38.787787, 38.783482, 38.779903, 38.779329, 38.777852, 38.778052, 38.772825, 38.766418, 38.766181, 38.763978, 38.76445, 38.766008, 38.7623, 38.761766, 38.76024, 38.760953, 38.760611, 38.761287)))"
24033801405,Census Tract 8014.05; Prince George's County; Maryland,B19013_001,66991,17136,"list(list(c(-76.999023, -76.99534, -76.99353, -76.990468, -76.981222, -76.970463, -76.973292, -76.973166, -76.980172, -76.982555, -76.984155, -76.986495, -76.989493, -76.992528, -76.997493, -76.998444, -76.998735, -76.998717, -76.999006, -76.999023, 38.803382, 38.80526, 38.805893, 38.806366, 38.807205, 38.808777, 38.806073, 38.805683, 38.800149, 38.798311, 38.796159, 38.792351, 38.789429, 38.782123, 38.780329, 38.7872, 38.795034, 38.796575, 38.802004, 38.803382)))"
24033805000,Census Tract 8050; Prince George's County; Maryland,B19013_001,81417,7387,"list(list(c(-76.99341, -76.990901, -76.987956, -76.984799, -76.984257, -76.982117, -76.980557, -76.980234, -76.979285, -76.974201, -76.974475, -76.973832, -76.967415, -76.96649, -76.966994, -76.967037, -76.972465, -76.973392, -76.97872, -76.979246, -76.981965, -76.987296, -76.987641, -76.987925151061, -76.9895171223131, -76.9918925205442, -76.9973644902135, -76.99341, 38.962443, 38.963685, 38.966415, 38.969354, 38.969622, 38.970129, 38.971202, 38.96327, 38.961994, 38.958635, 38.957112, 38.955457, 
38.952554, 38.952503, 38.951422, 38.95132, 38.953155, 38.953376, 38.954169, 38.954383, 38.955812, 38.958596, 38.957987, 38.9541457814772, 38.9553763103972, 38.9572123964546, 38.9614420060775, 38.962443)))"
24033805202,Census Tract 8052.02; Prince George's County; Maryland,B19013_001,54675,13072,"list(list(c(-76.997263, -76.994183, -76.992536, -76.990536, -76.983181, -76.979617, -76.979674, -76.980557, -76.982117, -76.984257, -76.984799, -76.987956, -76.990917, -76.992553, -76.997074, -76.998446, -76.997263, 38.97241, 38.975291, 38.975455, 38.975643, 38.974099, 38.972272, 38.972163, 38.971202, 38.970129, 38.969622, 38.969354, 38.966415, 38.968662, 38.970088, 38.971135, 38.971048, 38.97241)))"
24033804600,Census Tract 8046; Prince George's County; Maryland,B19013_001,83869,28198,"list(list(c(-76.962314, -76.960706, -76.957941, -76.958111, -76.958007, -76.95635, -76.954038, -76.953251, -76.950994, -76.950031, -76.947537, -76.947058, -76.946611, -76.946516, -76.949443, -76.955597, -76.957098, -76.957173, -76.957399, -76.96098, -76.962021, -76.962314, 38.948535, 38.949017, 38.948807, 38.948847, 38.948939, 38.949078, 38.948836, 38.948514, 38.947302, 38.946919, 38.945756, 38.945375, 38.944975, 38.944874, 38.941759, 38.935067, 38.936374, 38.938284, 38.94095, 38.940987, 38.943245, 
38.948535)))"
24033804700,Census Tract 8047; Prince George's County; Maryland,B19013_001,73352,26079,"list(list(c(-76.968385, -76.967667, -76.968076, -76.966066, -76.965464, -76.962314, -76.962021, -76.96098, -76.957399, -76.957173, -76.957098, -76.955597, -76.958798975852, -76.9613741668836, -76.9634302539184, -76.9634357898141, -76.9668313235132, -76.9681589175141, -76.968191, -76.968552, -76.968385, 38.943172, 38.943258, 38.945588, 38.947089, 38.947438, 38.948535, 38.943245, 38.940987, 38.94095, 38.938284, 38.936374, 38.935067, 38.9316324346594, 38.933622952412, 38.9352122239235, 38.9352165029454, 
38.9378411121586, 38.9388672882342, 38.939242, 38.941458, 38.943172)))"
24033802600,Census Tract 8026; Prince George's County; Maryland,B19013_001,67895,27354,"list(list(c(-76.9312472646311, -76.9298866240579, -76.9240349501798, -76.9239724376518, -76.923272, -76.920671, -76.917339, -76.917432, -76.91851, -76.920278, -76.920829, -76.925032, -76.9337188787997, -76.9312472646311, 38.8757578081767, 38.8768232228149, 38.881405225682, 38.8814541745108, 38.881711, 38.878341, 38.877221, 38.875394, 38.873391, 38.869982, 38.870137, 38.872148, 38.8738224742119, 38.8757578081767)))"
24033806710,Census Tract 8067.10; Prince George's County; Maryland,B19013_001,140366,27023,"list(list(c(-76.88278, -76.880908, -76.877676, -76.874327, -76.872602, -76.868728, -76.865717, -76.864349, -76.863072, -76.860016, -76.859997, -76.862534, -76.864805, -76.866929, -76.866767, -76.866931, -76.871456, -76.871799, -76.873537, -76.876404, -76.876704, -76.877031, -76.882276, -76.886331, -76.88278, 38.994023, 38.994903, 38.994218, 38.994166, 38.993693, 38.993149, 38.991995, 38.991741, 38.991669, 38.991485, 38.990879, 38.986364, 38.985763, 38.984312, 38.980249, 38.980224, 38.979398, 38.97926, 
38.978248, 38.981547, 38.981871, 38.981767, 38.987228, 38.991717, 38.994023)))"
24033803606,Census Tract 8036.06; Prince George's County; Maryland,B19013_001,97847,23446,"list(list(c(-76.871799, -76.871456, -76.866931, -76.866767, -76.864437, -76.86225, -76.85933, -76.855097, -76.853382, -76.847111, -76.846902, -76.844742, -76.841668, -76.839908, -76.838664, -76.844305, -76.852955, -76.854856, -76.858448, -76.860236, -76.862136, -76.862932, -76.866037, -76.866253, -76.866849, -76.868, -76.869096, -76.869789, -76.870565, -76.873537, -76.871799, 38.97926, 38.979398, 38.980224, 38.980249, 38.980389, 38.978937, 38.977984, 38.977967, 38.97814, 38.980637, 38.980743, 38.977488, 
38.974921, 38.97583, 38.975585, 38.972634, 38.968062, 38.966749, 38.963642, 38.963361, 38.962305, 38.961531, 38.959659, 38.960192, 38.962454, 38.967044, 38.971416, 38.97312, 38.974549, 38.978248, 38.97926)))"
24033800520,Census Tract 8005.20; Prince George's County; Maryland,B19013_001,89821,6391,"list(list(c(-76.726499, -76.723292, -76.721368, -76.718333, -76.71833, -76.718137, -76.718124, -76.71796, -76.717903, -76.72249, -76.725616, -76.726128, -76.727459, -76.726499, 38.941985, 38.944823, 38.943602, 38.942582, 38.94252, 38.94249, 38.941477, 38.935787, 38.935305, 38.934693, 38.937038, 38.939527, 38.94068, 38.941985)))"
24033800516,Census Tract 8005.16; Prince George's County; Maryland,B19013_001,124848,23763,"list(list(c(-76.7431, -76.728173, -76.724218, -76.717469, -76.717416, -76.717639, -76.717805, -76.71808, -76.718137, -76.71833, -76.718333, -76.721368, -76.723292, -76.726499, -76.727459, -76.730515, -76.731336, -76.734608, -76.738588, -76.73983, -76.742293, -76.742143, -76.741154, -76.738263, -76.737313, -76.732144, -76.727657, -76.727546, -76.731688, -76.738024, -76.73884, -76.7431, 38.953103, 38.953561, 38.953908, 38.955166, 38.953499, 38.951144, 38.949925, 38.947985, 38.94249, 38.94252, 38.942582, 
38.943602, 38.944823, 38.941985, 38.94068, 38.938077, 38.935763, 38.936236, 38.935994, 38.936518, 38.939896, 38.942437, 38.943757, 38.94622, 38.947495, 38.946061, 38.946189, 38.947282, 38.949877, 38.951423, 38.952922, 38.953103)))"
24033800518,Census Tract 8005.18; Prince George's County; Maryland,B19013_001,216227,25415,"list(list(c(-76.806683, -76.803041, -76.799528, -76.798564, -76.798534, -76.7953, -76.790426, -76.777869, -76.770202, -76.761567, -76.754759, -76.750822, -76.7508, -76.750741, -76.750627, -76.748313, -76.747731, -76.744462, -76.743016, -76.741935, -76.739133, -76.740659, -76.744304, -76.744242, -76.749107, -76.749345, -76.753807, -76.754041, -76.75525, -76.75636, -76.758508, -76.760379, -76.760796, -76.762519, -76.764744, -76.77022, -76.774227, -76.777343, -76.779042, -76.78734, -76.791997, -76.79443, 
-76.80086, -76.803433, -76.803318, -76.803909, -76.806872, -76.806683, 38.928949, 38.936137, 38.941246, 38.944099, 38.944333, 38.943835, 38.94376, 38.944782, 38.945405, 38.946306, 38.948823, 38.950643, 38.949695, 38.947187, 38.945433, 38.935998, 38.934738, 38.928234, 38.925262, 38.922687, 38.913684, 38.916358, 38.916652, 38.9162, 38.915809, 38.911643, 38.910835, 38.913178, 38.913099, 38.916832, 38.920889, 38.924136, 38.925191, 38.92465, 38.924289, 38.924927, 38.925867, 38.927219, 38.927362, 38.924948, 
38.922628, 38.921752, 38.921384, 38.9211, 38.922698, 38.92398, 38.927394, 38.928949)))"
24033801208,Census Tract 8012.08; Prince George's County; Maryland,B19013_001,130078,27478,"list(list(c(-76.897366, -76.895703, -76.895117, -76.895049, -76.895017, -76.889891, -76.885823, -76.882485, -76.879459, -76.878731, -76.879193, -76.881633, -76.881511, -76.887725, -76.887873, -76.891925, -76.893746, -76.896148, -76.895471, -76.895455, -76.895208, -76.895077, -76.894915, -76.894733, -76.894774, -76.895129, -76.896077, -76.896368, -76.897409, -76.897366, 38.746175, 38.751823, 38.754122, 38.755272, 38.756599, 38.755217, 38.753521, 38.751092, 38.75045, 38.740574, 38.739124, 38.73499, 
38.731249, 38.731452, 38.731093, 38.72991, 38.7274, 38.728012, 38.729444, 38.733272, 38.734615, 38.736691, 38.737859, 38.738893, 38.739383, 38.740187, 38.741007, 38.741465, 38.745935, 38.746175)))"
24033803525,Census Tract 8035.25; Prince George's County; Maryland,B19013_001,52734,36929,"list(list(c(-76.879173, -76.878816, -76.872624, -76.871915, -76.870003, -76.861248, -76.860485, -76.860193, -76.856954, -76.851808, -76.84975, -76.849979, -76.852942, -76.856348, -76.860993, -76.865759, -76.868714, -76.874, -76.875256, -76.878629, -76.880279, -76.879173, 38.911766, 38.912808, 38.912703, 38.912783, 38.913137, 38.914649, 38.916078, 38.918113, 38.917159, 38.9172, 38.909643, 38.907025, 38.907278, 38.906458, 38.905195, 38.905152, 38.906412, 38.903896, 38.906443, 38.907291, 38.911083, 
38.911766)))"
24033802106,Census Tract 8021.06; Prince George's County; Maryland,B19013_001,56476,8726,"list(list(c(-76.903568, -76.901183, -76.900744, -76.899147, -76.898256, -76.89528, -76.895343, -76.895533, -76.892454, -76.891824, -76.891138, -76.887394, -76.888134, -76.887612, -76.889484, -76.890121, -76.894296, -76.900411, -76.901903, -76.903568, 38.841159, 38.84222, 38.84254, 38.843143, 38.842856, 38.843193, 38.844908, 38.846628, 38.845526, 38.845376, 38.845139, 38.844182, 38.84265, 38.840018, 38.83762, 38.835497, 38.836208, 38.836049, 38.836664, 38.841159)))"
24033800706,Census Tract 8007.06; Prince George's County; Maryland,B19013_001,187206,52871,"list(list(c(-76.843026, -76.836273, -76.839302, -76.841187, -76.842306, -76.841074, -76.841002, -76.840849, -76.837256, -76.834103, -76.828873, -76.826872, -76.824069, -76.824227, -76.825409, -76.822819, -76.818658, -76.813408, -76.808897, -76.807122, -76.803911, -76.802841, -76.800059, -76.796258, -76.797543, -76.799326, -76.804645, -76.80771, -76.81037, -76.814121, -76.817195, -76.819924, -76.823105, -76.828361, -76.830157, -76.832951, -76.835727, -76.841288, -76.842675, -76.84321, -76.843026, 
38.787305, 38.794138, 38.798457, 38.799317, 38.801798, 38.802304, 38.805132, 38.810525, 38.809556, 38.80705, 38.806649, 38.804462, 38.804426, 38.803753, 38.801346, 38.80082, 38.793794, 38.792535, 38.789127, 38.785739, 38.784611, 38.782843, 38.782439, 38.782993, 38.781576, 38.77815, 38.766631, 38.761287, 38.756694, 38.758468, 38.75899, 38.761268, 38.765521, 38.770818, 38.773404, 38.775621, 38.779794, 38.783929, 38.785628, 38.786534, 38.787305)))"
24033800522,Census Tract 8005.22; Prince George's County; Maryland,B19013_001,200781,11506,"list(list(c(-76.759932, -76.758315, -76.7575, -76.757361, -76.757656, -76.758095, -76.758141, -76.75817, -76.745744, -76.742676, -76.737249, -76.735977, -76.736053, -76.740004, -76.741195, -76.746276, -76.747832, -76.748676, -76.753995, -76.759675, -76.759932, 38.88204, 38.887651, 38.890391, 38.891372, 38.894873, 38.901045, 38.901661, 38.901993, 38.903267, 38.902945, 38.901167, 38.901002, 38.900781, 38.889083, 38.88586, 38.878221, 38.871748, 38.873869, 38.874496, 38.875184, 38.88204)))"
24033801106,Census Tract 8011.06; Prince George's County; Maryland,B19013_001,79516,18765,"list(list(c(-76.898599, -76.898146, -76.895745, -76.894202, -76.886335, -76.881154, -76.88117, -76.87959, -76.879558, -76.880034, -76.880689, -76.879716, -76.878589, -76.8781, -76.877943, -76.872369, -76.869641, -76.8679, -76.85678, -76.853984, -76.851084, -76.849089, -76.849935, -76.848928, -76.851625, -76.852413, -76.853518, -76.853794, -76.851814, -76.856706, -76.857043, -76.86348, -76.864354, -76.861177, -76.861189, -76.86129, -76.864301, -76.864626, -76.87685, -76.879683, -76.882836, -76.888743, 
-76.886541, -76.889039, -76.894302, -76.896641, -76.898282, -76.898599, 38.802073, 38.803966, 38.806803, 38.806518, 38.806514, 38.806506, 38.810302, 38.810407, 38.81763, 38.818219, 38.818506, 38.821038, 38.821044, 38.826257, 38.826365, 38.828764, 38.829345, 38.82957, 38.829739, 38.826073, 38.822525, 38.82049, 38.819367, 38.805377, 38.806761, 38.804398, 38.80324, 38.801263, 38.798076, 38.795908, 38.789172, 38.788718, 38.788379, 38.786592, 38.785945, 38.785293, 38.784215, 38.782293, 38.782367, 38.782678, 
38.783687, 38.783793, 38.787769, 38.788519, 38.792424, 38.794678, 38.797932, 38.802073)))"
24033800609,Census Tract 8006.09; Prince George's County; Maryland,B19013_001,111313,25841,"list(list(c(-76.736073, -76.735493, -76.735266, -76.734803, -76.734329, -76.731458, -76.730059, -76.727722, -76.726999, -76.725813, -76.725221, -76.723222, -76.719661, -76.715744, -76.713849, -76.70876, -76.707826, -76.705249, -76.70428, -76.700913, -76.699679, -76.698561, -76.697758, -76.691169, -76.693647, -76.696549, -76.697503, -76.698273, -76.699569, -76.699717, -76.698986, -76.69936, -76.697807, -76.697522, -76.696371, -76.696965, -76.697826, -76.701775, -76.703839, -76.709424, -76.711647, 
-76.712307, -76.712236, -76.712165, -76.715618, -76.726868, -76.733355, -76.738401, -76.736073, 38.822775, 38.824722, 38.825294, 38.826192, 38.826958, 38.831057, 38.836264, 38.841043, 38.843636, 38.856862, 38.859504, 38.86587, 38.866583, 38.865881, 38.866297, 38.863897, 38.864577, 38.864201, 38.862544, 38.861795, 38.860995, 38.859261, 38.8564, 38.854401, 38.849716, 38.847164, 38.844786, 38.84303, 38.838274, 38.836778, 38.834333, 38.832779, 38.828779, 38.825694, 38.822724, 38.818784, 38.817948, 38.815538, 
38.815133, 38.816264, 38.814777, 38.812923, 38.811209, 38.810935, 38.811324, 38.813221, 38.813745, 38.813804, 38.822775)))"
24033803512,Census Tract 8035.12; Prince George's County; Maryland,B19013_001,121071,39444,"list(list(c(-76.847344, -76.846652, -76.839306, -76.837555, -76.836124, -76.834378, -76.832549, -76.830301, -76.828418, -76.821473, -76.816727, -76.813747, -76.810993, -76.808117, -76.802806, -76.804028, -76.80645, -76.812057, -76.813192, -76.818974, -76.823514, -76.827304, -76.827874, -76.829637, -76.834595, -76.836456, -76.838369, -76.844661, -76.843872, -76.8442, -76.845997, -76.847253, -76.847344, 38.892164, 38.892363, 38.894751, 38.890776, 38.887641, 38.885172, 38.883487, 38.881492, 38.879023, 
38.879807, 38.878204, 38.878296, 38.879051, 38.877261, 38.876087, 38.873991, 38.871874, 38.870975, 38.870734, 38.868218, 38.867428, 38.867248, 38.867081, 38.866522, 38.866416, 38.866625, 38.867156, 38.868914, 38.872072, 38.883738, 38.888663, 38.891953, 38.892164)))"
24033801704,Census Tract 8017.04; Prince George's County; Maryland,B19013_001,54797,11189,"list(list(c(-76.9959473293181, -76.9928029355775, -76.992697, -76.9913437397798, -76.9890405411314, -76.9873306495444, -76.98365, -76.975396, -76.970163, -76.968936, -76.964242, -76.964011, -76.969843, -76.972119, -76.977526, -76.986438, -76.988031, -76.99056, -76.991144, -76.992989, -76.9959473293181, 38.8254079212734, 38.8281215761454, 38.828213, 38.8291970867314, 38.830871965809, 38.8321153937896, 38.831195, 38.825827, 38.823562, 38.822419, 38.817507, 38.81717, 38.817048, 38.817478, 38.817148, 
38.818815, 38.82046, 38.823483, 38.823899, 38.82451, 38.8254079212734)))"
24033801808,Census Tract 8018.08; Prince George's County; Maryland,B19013_001,66058,14656,"list(list(c(-76.968985, -76.964863, -76.967052, -76.966277, -76.963405, -76.965187, -76.966991, -76.965937, -76.96298, -76.962072, -76.960348, -76.960764, -76.958236, -76.957592, -76.959924, -76.95976, -76.959054, -76.95552, -76.953439, -76.951351, -76.950903, -76.956201, -76.958048, -76.961257, -76.963139, -76.96591, -76.967553, -76.968078, -76.968249, -76.969919, -76.968985, 38.831072, 38.832931, 38.8348, 38.836297, 38.837605, 38.838314, 38.841133, 38.84295, 38.841485, 38.840463, 38.838539, 38.836689, 
38.835669, 38.83447, 38.833137, 38.83302, 38.8325, 38.828721, 38.828476, 38.828447, 38.827917, 38.827743, 38.82674, 38.826931, 38.826228, 38.826585, 38.827931, 38.829127, 38.829201, 38.829703, 38.831072)))"
24033802104,Census Tract 8021.04; Prince George's County; Maryland,B19013_001,52344,16671,"list(list(c(-76.889484, -76.887612, -76.888134, -76.887394, -76.885072, -76.874229, -76.872503, -76.867001, -76.872146, -76.87386, -76.876143, -76.879779, -76.890121, -76.889484, 38.83762, 38.840018, 38.84265, 38.844182, 38.84363, 38.840965, 38.840594, 38.83975, 38.832549, 38.830698, 38.831202, 38.832103, 38.835497, 38.83762)))"
24033801906,Census Tract 8019.06; Prince George's County; Maryland,B19013_001,76806,11903,"list(list(c(-76.902596, -76.900411, -76.894296, -76.890121, -76.879779, -76.876143, -76.87386, -76.874441, -76.875526, -76.87962, -76.87989, -76.881573, -76.88389, -76.887674, -76.888012, -76.892548, -76.894738, -76.895019, -76.896765, -76.899616, -76.899827, -76.899903, -76.900062, -76.900164, -76.901129, -76.902502, -76.902596, 38.835738, 38.836049, 38.836208, 38.835497, 38.832103, 38.831202, 38.830698, 38.8302, 38.829381, 38.826606, 38.826794, 38.825673, 38.823838, 38.822134, 38.822358, 38.826173, 
38.828915, 38.829243, 38.831271, 38.832963, 38.833163, 38.833234, 38.83337, 38.833456, 38.834376, 38.835656, 38.835738)))"
24033801701,Census Tract 8017.01; Prince George's County; Maryland,B19013_001,66217,5988,"list(list(c(-76.958584, -76.95519, -76.954222, -76.950047, -76.94676, -76.945952, -76.943939, -76.938943, -76.937841, -76.937018, -76.936923, -76.936595, -76.935064, -76.929449, -76.929018, -76.931755, -76.940138, -76.942071, -76.942754, -76.945452, -76.95253, -76.957392, -76.958584, 38.804977, 38.808366, 38.808177, 38.812041, 38.813438, 38.814142, 38.814197, 38.813508, 38.812462, 38.808837, 38.808354, 38.807603, 38.806128, 38.801152, 38.800917, 38.800286, 38.800166, 38.800827, 38.801123, 38.802262, 
38.804099, 38.804352, 38.804977)))"
24033800605,Census Tract 8006.05; Prince George's County; Maryland,B19013_001,123876,4951,"list(list(c(-76.794201, -76.792941, -76.78399, -76.778964, -76.772463, -76.771054, -76.770186, -76.769401, -76.768904, -76.766258, -76.76366, -76.762161, -76.760841, -76.756461, -76.754624, -76.751746, -76.749705, -76.747702, -76.747, -76.745324, -76.74396, -76.741972, -76.742072, -76.742371, -76.738401, -76.733355, -76.726868, -76.715618, -76.712165, -76.711457, -76.708907, -76.708065, -76.708403, -76.710676, -76.710116, -76.706588, -76.70254, -76.702085, -76.703708, -76.706145, -76.712251, -76.713214, 
-76.71439, -76.714317, -76.717478, -76.717565, -76.719363, -76.723661, -76.72887, -76.735663, -76.737765, -76.745138, -76.750615, -76.753117, -76.756306, -76.757742, -76.763698, -76.765552, -76.768373, -76.766148, -76.763757, -76.76128, -76.759113, -76.759915, -76.761494, -76.76137, -76.761213, -76.767531, -76.765647, -76.768707, -76.777534, -76.777008, -76.77707, -76.778308, -76.781676, -76.782418, -76.78369, -76.790784, -76.796259, -76.794201, 38.827996, 38.829202, 38.834374, 38.835332, 38.835517, 
38.831138, 38.827402, 38.82602, 38.825232, 38.821436, 38.819222, 38.819605, 38.819463, 38.820725, 38.821812, 38.820977, 38.821662, 38.821735, 38.820228, 38.820275, 38.820805, 38.814962, 38.813981, 38.81364, 38.813804, 38.813745, 38.813221, 38.811324, 38.810935, 38.809022, 38.806474, 38.804867, 38.803114, 38.79843, 38.796003, 38.792707, 38.790397, 38.788478, 38.786839, 38.785665, 38.784356, 38.783383, 38.780761, 38.778226, 38.777625, 38.779503, 38.781289, 38.778418, 38.775818, 38.775307, 38.775861, 
38.774363, 38.771952, 38.771698, 38.767175, 38.769556, 38.773821, 38.77648, 38.777852, 38.779329, 38.779903, 38.783482, 38.787787, 38.790995, 38.794281, 38.797655, 38.804129, 38.808524, 38.809488, 38.811106, 38.811469, 38.812994, 38.814508, 38.815586, 38.819752, 38.820283, 38.820952, 38.824105, 38.826976, 38.827996)))"
24033806602,Census Tract 8066.02; Prince George's County; Maryland,B19013_001,85987,19655,"list(list(c(-76.919368, -76.918942, -76.918759, -76.916873, -76.91582, -76.915144, -76.914339, -76.904868, -76.90411, -76.903403, -76.900043, -76.899087, -76.899368, -76.904663, -76.905318, -76.905545, -76.908698, -76.915838, -76.91767, -76.919852, -76.919368, 38.962472, 38.963516, 38.965899, 38.969392, 38.971086, 38.972167, 38.972059, 38.971918, 38.971915, 38.971952, 38.972453, 38.972509, 38.972019, 38.96471, 38.9633, 38.961212, 38.961136, 38.96012, 38.96018, 38.960517, 38.962472)))"
24033801312,Census Tract 8013.12; Prince George's County; Maryland,B19013_001,129745,22663,"list(list(c(-76.990609, -76.985572, -76.975827, -76.975977, -76.972544, -76.969818, -76.968446, -76.970011, -76.969844, -76.972383, -76.972274, -76.97132, -76.969876, -76.97095, -76.97109, -76.969963, -76.969844, -76.970842, -76.970782, -76.971539, -76.970943, -76.971819, -76.974529, -76.975231, -76.976958, -76.977445, -76.97992, -76.982102, -76.985509, -76.98656, -76.98735, -76.989887, -76.990041, -76.990062, -76.990188, -76.990768, -76.990609, 38.734408, 38.735873, 38.735308, 38.733905, 38.732501, 
38.733274, 38.732477, 38.728831, 38.726637, 38.726145, 38.723307, 38.721249, 38.719955, 38.718632, 38.716895, 38.71587, 38.714533, 38.713993, 38.713165, 38.706726, 38.704374, 38.703744, 38.703295, 38.703356, 38.701726, 38.699248, 38.697973, 38.698102, 38.699408, 38.698656, 38.702045, 38.707678, 38.712606, 38.714365, 38.725523, 38.731974, 38.734408)))"
24033801207,Census Tract 8012.07; Prince George's County; Maryland,B19013_001,135450,24653,"list(list(c(-76.881923, -76.879194, -76.876528, -76.870412, -76.86738, -76.867046, -76.864651, -76.863953, -76.862124, -76.85711, -76.852908, -76.850974, -76.846539, -76.852891, -76.854703, -76.856283, -76.85999, -76.861038, -76.870181, -76.873766, -76.877941, -76.879202, -76.881511, -76.881633, -76.879193, -76.878731, -76.879459, -76.879206, -76.879045, -76.879665, -76.884803, -76.881923, 38.769793, 38.770334, 38.771134, 38.7752, 38.775928, 38.771667, 38.767052, 38.761253, 38.756082, 38.752397, 
38.748888, 38.747822, 38.746196, 38.741148, 38.739958, 38.738008, 38.736473, 38.735311, 38.73414, 38.732598, 38.732497, 38.731443, 38.731249, 38.73499, 38.739124, 38.740574, 38.75045, 38.752103, 38.757102, 38.758866, 38.768312, 38.769793)))"
24033803900,Census Tract 8039; Prince George's County; Maryland,B19013_001,82308,31765,"list(list(c(-76.929325, -76.928511, -76.927449, -76.926222, -76.924315, -76.923702, -76.92358, -76.922812, -76.921102, -76.920203, -76.919132, -76.916161, -76.916783, -76.915392, -76.915746, -76.916163, -76.918617, -76.918427, -76.918945, -76.919688, -76.919896, -76.920186, -76.92033, -76.920572, -76.920956, -76.921469, -76.921837, -76.923491, -76.9253, -76.928317, -76.92759, -76.928544, -76.928661, -76.929325, 38.948016, 38.949017, 38.950163, 38.95108, 38.952494, 38.953546, 38.953955, 38.95392, 
38.953917, 38.95382, 38.953776, 38.953248, 38.951181, 38.950427, 38.949626, 38.948947, 38.94747, 38.946755, 38.945528, 38.944793, 38.9446, 38.944415, 38.944353, 38.944312, 38.94433, 38.944403, 38.944528, 38.945464, 38.94506, 38.946687, 38.947556, 38.947827, 38.947861, 38.948016)))"
24033804002,Census Tract 8040.02; Prince George's County; Maryland,B19013_001,82868,16793,"list(list(c(-76.944785, -76.943561, -76.941818, -76.940305, -76.939683, -76.939174, -76.937876, -76.935783, -76.933748, -76.932858, -76.931687, -76.929325, -76.928661, -76.928544, -76.92759, -76.928317, -76.9253, -76.923491, -76.921837, -76.921469, -76.920956, -76.920572, -76.92033, -76.920186, -76.919896, -76.919688, -76.918945, -76.918427, -76.916303, -76.916841, -76.917565, -76.91821, -76.925547, -76.926914, -76.928088, -76.928514, -76.931292, -76.930328, -76.933382, -76.933557, -76.93606, -76.938594, 
-76.93944, -76.940616, -76.942147, -76.943981, -76.94394, -76.943532, -76.943239, -76.943379, -76.94365, -76.944785, 38.941196, 38.943911, 38.944596, 38.945452, 38.945691, 38.945842, 38.944947, 38.944092, 38.943246, 38.943923, 38.945072, 38.948016, 38.947861, 38.947827, 38.947556, 38.946687, 38.94506, 38.945464, 38.944528, 38.944403, 38.94433, 38.944312, 38.944353, 38.944415, 38.9446, 38.944793, 38.945528, 38.946755, 38.946685, 38.945373, 38.940735, 38.939323, 38.938623, 38.939001, 38.939315, 38.937534, 
38.936938, 38.936324, 38.935035, 38.934538, 38.933043, 38.933008, 38.933269, 38.936426, 38.93766, 38.938246, 38.938268, 38.938485, 38.938654, 38.938789, 38.939007, 38.941196)))"
24033804200,Census Tract 8042; Prince George's County; Maryland,B19013_001,158889,39218,"list(list(c(-76.925794, -76.924495, -76.919714, -76.918034, -76.917023, -76.915193, -76.914475, -76.914604, -76.91129, -76.9108, -76.908612, -76.908709, -76.910424, -76.910312, -76.912134, -76.914401, -76.915337, -76.915185, -76.916614, -76.919352, -76.922995, -76.924697, -76.923564, -76.92358, -76.924129, -76.925449, -76.929471, -76.925794, 38.930272, 38.93132, 38.933467, 38.934432, 38.935238, 38.93454, 38.934335, 38.933668, 38.931993, 38.928348, 38.927441, 38.92467, 38.924154, 38.922956, 38.92061, 
38.919821, 38.918429, 38.917109, 38.91665, 38.91577, 38.913814, 38.91323, 38.916783, 38.917913, 38.919464, 38.921085, 38.925489, 38.930272)))"
24033803801,Census Tract 8038.01; Prince George's County; Maryland,B19013_001,93452,26611,"list(list(c(-76.914357, -76.911418, -76.910237, -76.909802, -76.909861, -76.909422, -76.905106, -76.904036, -76.903111, -76.898694, -76.892103, -76.892029, -76.897552, -76.899742, -76.900478, -76.903505, -76.907538, -76.912069, -76.913195, -76.914357, 38.939158, 38.942228, 38.944431, 38.946567, 38.951966, 38.953109, 38.951856, 38.951103, 38.95018, 38.94861, 38.947143, 38.947045, 38.945536, 38.944817, 38.944455, 38.941881, 38.939311, 38.938817, 38.938856, 38.939158)))"
24033801311,Census Tract 8013.11; Prince George's County; Maryland,B19013_001,183056,40283,"list(list(c(-76.991056, -76.988204, -76.986852, -76.98656, -76.985509, -76.982102, -76.97992, -76.977445, -76.976958, -76.975231, -76.974529, -76.971819, -76.970943, -76.971539, -76.970782, -76.970842, -76.969844, -76.969963, -76.97109, -76.97095, -76.969876, -76.97132, -76.972274, -76.972383, -76.969844, -76.970011, -76.968446, -76.969818, -76.970538, -76.967927, -76.968527, -76.965134, -76.963855, -76.961302, -76.957222, -76.952987, -76.952821, -76.95111, -76.949629, -76.947146, -76.944675, -76.942091, 
-76.936801, -76.9337, -76.927123, -76.932006, -76.931024, -76.930143, -76.929087, -76.926086, -76.924573, -76.921996, -76.91972, -76.91556, -76.910094, -76.917695, -76.919595, -76.920865, -76.926953, -76.92996, -76.932898, -76.936574, -76.937827, -76.939318, -76.938659, -76.936248, -76.932701, -76.920797, -76.919131, -76.923419, -76.925902, -76.926262, -76.925284, -76.920634, -76.920427, -76.921567, -76.923593, -76.933727, -76.936423, -76.939201, -76.947726, -76.952584, -76.965487, -76.966942, -76.971395, 
-76.972198, -76.974415, -76.977072, -76.97925, -76.980815, -76.981679, -76.98495, -76.990322, -76.995132, -76.991056, 38.689154, 38.693158, 38.696207, 38.698656, 38.699408, 38.698102, 38.697973, 38.699248, 38.701726, 38.703356, 38.703295, 38.703744, 38.704374, 38.706726, 38.713165, 38.713993, 38.714533, 38.71587, 38.716895, 38.718632, 38.719955, 38.721249, 38.723307, 38.726145, 38.726637, 38.728831, 38.732477, 38.733274, 38.734878, 38.735142, 38.7374, 38.738674, 38.741994, 38.742207, 38.746191, 38.748551, 
38.75009, 38.750983, 38.753674, 38.756229, 38.75684, 38.758737, 38.75616, 38.755207, 38.751984, 38.747663, 38.743813, 38.74301, 38.737843, 38.735283, 38.732469, 38.729986, 38.728666, 38.732144, 38.720914, 38.720214, 38.717914, 38.715171, 38.714967, 38.714009, 38.711673, 38.710305, 38.710452, 38.709355, 38.70783, 38.708951, 38.709037, 38.706941, 38.705808, 38.703388, 38.699885, 38.697646, 38.695906, 38.6926, 38.688486, 38.6854, 38.685107, 38.680719, 38.679811, 38.678114, 38.674044, 38.672524, 38.673692, 
38.674201, 38.673655, 38.673394, 38.678086, 38.680234, 38.683845, 38.687793, 38.688336, 38.686504, 38.686098, 38.685297, 38.689154)))"
24033801302,Census Tract 8013.02; Prince George's County; Maryland,B19013_001,122083,40703,"list(list(c(-77.078599, -77.059499, -77.043398, -77.029097, -77.004133, -77.001359, -77.000261, -76.998734, -76.996577, -76.995717, -76.993892, -76.992657, -76.990829, -76.989207, -76.98656, -76.986852, -76.988204, -76.991056, -76.995132, -77.011802, -77.019608, -77.042904, -77.04696, -77.052248, -77.055731, -77.057875, -77.064499, -77.071703, -77.07339, -77.075999, -77.078463, -77.078599, 38.694114, 38.701914, 38.703614, 38.698114, 38.696351, 38.69702, 38.696444, 38.697177, 38.697378, 38.696607, 
38.697638, 38.696186, 38.695384, 38.696045, 38.698656, 38.696207, 38.693158, 38.689154, 38.685297, 38.670321, 38.663704, 38.643753, 38.640733, 38.637397, 38.635481, 38.639674, 38.657116, 38.676143, 38.681678, 38.687215, 38.693774, 38.694114)))"
24033801307,Census Tract 8013.07; Prince George's County; Maryland,B19013_001,143350,20382,"list(list(c(-77.043079, -77.042282, -77.042080963257, -77.033527, -77.014407, -77.011435, -77.00881, -77.007315, -77.004719, -77.001933, -77.000781, -77.001671, -77.001035, -76.9952, -76.993813, -76.99329, -76.991918, -76.990768, -76.990188, -76.997166, -76.99826, -77.002452, -77.004817, -77.008971, -77.012723, -77.015712, -77.020329, -77.021809, -77.030275, -77.030704, -77.033959, -77.0415234613878, -77.0415414782646, -77.041637, -77.042382, -77.043467, -77.043079, 38.739797, 38.741285, 38.7467231797332, 
38.746538, 38.746124, 38.747227, 38.748772, 38.75275, 38.754536, 38.75559, 38.757636, 38.759339, 38.761339, 38.760087, 38.76083, 38.755924, 38.742644, 38.731974, 38.725523, 38.723914, 38.723975, 38.725334, 38.724926, 38.725543, 38.72544, 38.725957, 38.724442, 38.724369, 38.725889, 38.726562, 38.727155, 38.7285340045407, 38.729830619107, 38.736705, 38.737785, 38.739147, 38.739797)))"
24033800607,Census Tract 8006.07; Prince George's County; Maryland,B19013_001,178995,17757,"list(list(c(-76.812057, -76.80645, -76.804028, -76.802806, -76.79873, -76.795633, -76.786316, -76.784411, -76.781397, -76.780653, -76.771897, -76.770851, -76.771096, -76.76948, -76.770361, -76.767131, -76.765576, -76.765864, -76.766997, -76.769991, -76.773782, -76.776306, -76.77372, -76.773644, -76.771549, -76.770883, -76.766235, -76.760146, -76.759821, -76.758201, -76.750318, -76.752441, -76.751864, -76.746685, -76.746137, -76.746063, -76.748208, -76.748047, -76.74506, -76.744689, -76.744568, -76.744566, 
-76.74396, -76.745324, -76.747, -76.747702, -76.749487, -76.750791, -76.751569, -76.75211, -76.752753, -76.756596, -76.759331, -76.76005, -76.763985, -76.766761, -76.76578, -76.767092, -76.771717, -76.772636, -76.775241, -76.777993, -76.781179, -76.784504, -76.788485, -76.793071, -76.795815, -76.798884, -76.801761, -76.803086, -76.803677, -76.806924, -76.807813, -76.807743, -76.810269, -76.811687, -76.812057, 38.870975, 38.871874, 38.873991, 38.876087, 38.875317, 38.874743, 38.874176, 38.873613, 
38.876997, 38.87713, 38.877157, 38.877624, 38.874429, 38.873523, 38.871368, 38.871347, 38.870301, 38.868351, 38.866979, 38.865137, 38.866232, 38.865606, 38.860347, 38.860244, 38.857764, 38.856466, 38.856406, 38.857955, 38.860557, 38.861568, 38.861313, 38.852504, 38.850845, 38.845157, 38.844259, 38.842753, 38.836014, 38.834842, 38.831239, 38.829404, 38.823932, 38.823051, 38.820805, 38.820275, 38.820228, 38.821735, 38.821868, 38.823018, 38.824436, 38.824678, 38.825104, 38.828801, 38.828812, 38.832062, 
38.833614, 38.833475, 38.836144, 38.838052, 38.839519, 38.839672, 38.839621, 38.841751, 38.843264, 38.84539, 38.847197, 38.848118, 38.849434, 38.850226, 38.852035, 38.853843, 38.855924, 38.85882, 38.861451, 38.863415, 38.866309, 38.869141, 38.870975)))"
24033802803,Census Tract 8028.03; Prince George's County; Maryland,B19013_001,96250,19263,"list(list(c(-76.920278, -76.91851, -76.917432, -76.916306, -76.915212, -76.913866, -76.912768, -76.911951, -76.909873, -76.908476, -76.903669, -76.901742, -76.900331, -76.900182, -76.89815, -76.898081, -76.896339, -76.89597, -76.894304, -76.894271, -76.893933, -76.893104, -76.893059, -76.892967, -76.892747, -76.892503, -76.894468, -76.896273, -76.897772, -76.900864, -76.902422, -76.903593, -76.905241, -76.907328, -76.909477, -76.912758, -76.914865, -76.915781, -76.916808, -76.917447, -76.917907, 
-76.918978, -76.920278, 38.869982, 38.873391, 38.875394, 38.877612, 38.879705, 38.881337, 38.880207, 38.881164, 38.885173, 38.885375, 38.886057, 38.886328, 38.88664, 38.88685, 38.886914, 38.886712, 38.879287, 38.877672, 38.871059, 38.870936, 38.869999, 38.868521, 38.868431, 38.868246, 38.867807, 38.866113, 38.864436, 38.863793, 38.863467, 38.862495, 38.863471, 38.864165, 38.865138, 38.865411, 38.864656, 38.864863, 38.864235, 38.864984, 38.866547, 38.868231, 38.868811, 38.869555, 38.869982)))"
24033801802,Census Tract 8018.02; Prince George's County; Maryland,B19013_001,79754,10542,"list(list(c(-76.959924, -76.957592, -76.95623, -76.956697, -76.953845, -76.948941, -76.948378, -76.946399, -76.946306, -76.945356, -76.945024, -76.943102, -76.941653, -76.940752, -76.941059, -76.945035, -76.947489, -76.949348, -76.951829, -76.951877, -76.953439, -76.95552, -76.959054, -76.95976, -76.959924, 38.833137, 38.83447, 38.83513, 38.835615, 38.838286, 38.841497, 38.842056, 38.839537, 38.839417, 38.838167, 38.837703, 38.835264, 38.833595, 38.832916, 38.831272, 38.831685, 38.834253, 38.833019, 
38.83332, 38.83149, 38.828476, 38.828721, 38.8325, 38.83302, 38.833137)))"
24033801907,Census Tract 8019.07; Prince George's County; Maryland,B19013_001,55117,20209,"list(list(c(-76.949961, -76.948504, -76.94817, -76.944665, -76.941795, -76.941059, -76.940752, -76.941653, -76.943102, -76.945024, -76.945356, -76.941492, -76.9407, -76.939003, -76.933771, -76.933427, -76.93321, -76.933793, -76.935008, -76.93627, -76.936611, -76.934161, -76.932086, -76.929976, -76.927241, -76.924503, -76.920589, -76.917751, -76.916499, -76.913332, -76.911685, -76.912828, -76.914212, -76.918534, -76.91928, -76.923374, -76.92552, -76.92639, -76.927143, -76.928847, -76.930514, -76.931159, 
-76.937341, -76.943559, -76.946388, -76.94877, -76.949684, -76.949961, 38.823461, 38.823915, 38.824109, 38.827051, 38.830102, 38.831272, 38.832916, 38.833595, 38.835264, 38.837703, 38.838167, 38.839403, 38.838402, 38.838872, 38.83625, 38.837315, 38.840218, 38.840117, 38.840001, 38.840411, 38.84205, 38.842458, 38.842789, 38.840091, 38.837825, 38.836551, 38.835467, 38.834841, 38.834659, 38.834359, 38.834364, 38.833874, 38.834076, 38.832598, 38.831671, 38.830345, 38.829558, 38.828037, 38.827324, 38.823266, 
38.821539, 38.818843, 38.817965, 38.818209, 38.817953, 38.817279, 38.818401, 38.823461)))"
24033800505,Census Tract 8005.05; Prince George's County; Maryland,B19013_001,153750,29968,"list(list(c(-76.745188, -76.743832, -76.742656, -76.738087, -76.737942, -76.736325, -76.733949, -76.727228, -76.72635, -76.722415, -76.717171, -76.71748, -76.717469, -76.724218, -76.728173, -76.7431, -76.743327, -76.744764, -76.745188, 38.956189, 38.95756, 38.958374, 38.963206, 38.96391, 38.96393, 38.964125, 38.961477, 38.961517, 38.962721, 38.963125, 38.9573, 38.955166, 38.953908, 38.953561, 38.953103, 38.953094, 38.955662, 38.956189)))"
24033800103,Census Tract 8001.03; Prince George's County; Maryland,B19013_001,87008,17623,"list(list(c(-76.853048, -76.848979, -76.846242, -76.843194, -76.84159, -76.840893, -76.840362, -76.837799, -76.837564, -76.835605, -76.832516, -76.828523, -76.827476, -76.827117, -76.832375, -76.832596, -76.832878, -76.839429, -76.843898, -76.845921, -76.847427, -76.848223, -76.850848, -76.849804, -76.853048, 39.100305, 39.104188, 39.107967, 39.10683, 39.105861, 39.104543, 39.103142, 39.100948, 39.09685, 39.096643, 39.09532, 39.095003, 39.092973, 39.089831, 39.085766, 39.086068, 39.086364, 39.091152, 
39.092936, 39.094042, 39.095304, 39.095523, 39.097223, 39.098183, 39.100305)))"
24033800105,Census Tract 8001.05; Prince George's County; Maryland,B19013_001,109709,16408,"list(list(c(-76.889411, -76.889353, -76.888835, -76.887586, -76.880365, -76.877017, -76.877765, -76.873563, -76.872808, -76.870905, -76.870373, -76.869003, -76.863971, -76.864543, -76.866582, -76.866912, -76.86615, -76.861836, -76.862036, -76.862397, -76.863187, -76.866054, -76.867679, -76.868315, -76.870529, -76.871113, -76.871688, -76.875008, -76.884388, -76.889975, -76.889411, 39.101588, 39.101715, 39.10396, 39.105201, 39.109596, 39.11153, 39.111924, 39.115381, 39.114588, 39.114121, 39.112921, 
39.112214, 39.110949, 39.108944, 39.107585, 39.106654, 39.104993, 39.103865, 39.101603, 39.101593, 39.1015, 39.101893, 39.102316, 39.102606, 39.102882, 39.102884, 39.102898, 39.102442, 39.100827, 39.099866, 39.101588)))"
24033800203,Census Tract 8002.03; Prince George's County; Maryland,B19013_001,163438,17460,"list(list(c(-76.928677, -76.927149, -76.921596, -76.917583, -76.914296, -76.909809, -76.909227, -76.908834, -76.907444, -76.903897, -76.907292, -76.902407, -76.90293, -76.900793, -76.894275, -76.888802, -76.888505, -76.885656, -76.884358, -76.882948, -76.877896, -76.875349, -76.873563, -76.877765, -76.877017, -76.880365, -76.887586, -76.888835, -76.889353, -76.889411, -76.889975, -76.892207, -76.893848, -76.897174, -76.900412, -76.900733, -76.901394, -76.901478, -76.901128, -76.903102, -76.909285, 
-76.917638, -76.919433, -76.921017, -76.928122, -76.928677, 39.076723, 39.078658, 39.086207, 39.091273, 39.096307, 39.102479, 39.104096, 39.10385, 39.106238, 39.114618, 39.117908, 39.120317, 39.121103, 39.121127, 39.123861, 39.129986, 39.130967, 39.131292, 39.126964, 39.125555, 39.120507, 39.11683, 39.115381, 39.111924, 39.11153, 39.109596, 39.105201, 39.10396, 39.101715, 39.101588, 39.099866, 39.092527, 39.08965, 39.085384, 39.08644, 39.086304, 39.085226, 39.084606, 39.083339, 39.081922, 39.079907, 
39.080053, 39.080452, 39.075506, 39.076484, 39.076723)))"
24033804001,Census Tract 8040.01; Prince George's County; Maryland,B19013_001,51179,29259,"list(list(c(-76.918617, -76.916163, -76.915746, -76.915392, -76.916783, -76.916161, -76.915573, -76.912786, -76.909906, -76.909422, -76.909861, -76.909802, -76.910237, -76.911418, -76.914357, -76.915833, -76.915843, -76.918071, -76.91821, -76.917565, -76.916841, -76.916303, -76.918427, -76.918617, 38.94747, 38.948947, 38.949626, 38.950427, 38.951181, 38.953248, 38.953123, 38.953096, 38.953444, 38.953109, 38.951966, 38.946567, 38.944431, 38.942228, 38.939158, 38.939488, 38.939386, 38.939345, 38.939323, 
38.940735, 38.945373, 38.946685, 38.946755, 38.94747)))"
24033801409,Census Tract 8014.09; Prince George's County; Maryland,B19013_001,107114,16636,"list(list(c(-76.997493, -76.992528, -76.989493, -76.986495, -76.984155, -76.982555, -76.980172, -76.976282, -76.970809, -76.967211, -76.970839, -76.972779, -76.971386, -76.973133, -76.977955, -76.980677, -76.982778, -76.984165, -76.985042, -76.989432, -76.990179, -76.991692, -76.992527, -76.991845, -76.994709, -76.997493, 38.780329, 38.782123, 38.789429, 38.792351, 38.796159, 38.798311, 38.800149, 38.795894, 38.79953, 38.793706, 38.792183, 38.791965, 38.79041, 38.790306, 38.787749, 38.786878, 38.784393, 
38.783546, 38.781985, 38.776131, 38.77445, 38.773466, 38.772356, 38.770089, 38.767116, 38.780329)))"
24033803526,Census Tract 8035.26; Prince George's County; Maryland,B19013_001,129094,21666,"list(list(c(-76.819598, -76.813123, -76.812673, -76.812316, -76.809791, -76.807299, -76.807632, -76.804059, -76.80116, -76.796293, -76.794038, -76.79514, -76.795818, -76.797988, -76.799315, -76.800022, -76.800776, -76.801019, -76.800885, -76.801717, -76.804521, -76.804861, -76.802807, -76.803465, -76.802685, -76.80337, -76.802081, -76.802781, -76.800324, -76.798257, -76.79873, -76.802806, -76.808117, -76.810993, -76.811481, -76.814668, -76.816984, -76.819598, 38.887944, 38.889796, 38.892033, 38.892964, 
38.894222, 38.896638, 38.897848, 38.898645, 38.898926, 38.899377, 38.899939, 38.898193, 38.898071, 38.897999, 38.897345, 38.897156, 38.89714, 38.896814, 38.896313, 38.895675, 38.893823, 38.893143, 38.890912, 38.88746, 38.883873, 38.883301, 38.88232, 38.881713, 38.879852, 38.879022, 38.875317, 38.876087, 38.877261, 38.879051, 38.879545, 38.884307, 38.886387, 38.887944)))"
24033800403,Census Tract 8004.03; Prince George's County; Maryland,B19013_001,157917,33154,"list(list(c(-76.761156, -76.760475, -76.758265, -76.756203, -76.754534, -76.753545, -76.753225, -76.752719, -76.75233, -76.751534, -76.750977, -76.748938, -76.746547, -76.74612, -76.744349, -76.739177, -76.740807, -76.742443, -76.745496, -76.74617, -76.748226, -76.751164, -76.753048, -76.757276, -76.758299, -76.758731, -76.75893, -76.759741, -76.761109, -76.761151, -76.761156, 39.004888, 39.005797, 39.006477, 39.006631, 39.007312, 39.007514, 39.007507, 39.007141, 39.006976, 39.00695, 39.007033, 39.008133, 
39.008364, 39.008509, 39.007687, 39.003373, 38.998645, 38.994582, 38.991039, 38.990687, 38.989897, 38.988222, 38.985807, 38.984586, 38.989371, 38.995756, 38.998087, 39.001216, 39.002725, 39.003629, 39.004888)))"
24033807305,Census Tract 8073.05; Prince George's County; Maryland,B19013_001,103866,42471,"list(list(c(-76.977278, -76.971892, -76.971723, -76.969157, -76.964245, -76.957804, -76.949857, -76.950206, -76.951015, -76.952011, -76.952668, -76.953417, -76.95402, -76.958366, -76.957535, -76.958713, -76.965351, -76.965864, -76.968814, -76.969783, -76.97194, -76.975756, -76.977278, 39.010947, 39.018354, 39.018556, 39.018533, 39.019006, 39.02022, 39.022085, 39.020502, 39.01824, 39.016518, 39.013883, 39.010884, 39.011204, 39.004409, 39.003101, 39.003169, 39.002425, 39.002816, 39.005006, 39.005922, 
39.007512, 39.009619, 39.010947)))"
24033803613,Census Tract 8036.13; Prince George's County; Maryland,B19013_001,74082,10597,"list(list(c(-76.898694, -76.896839, -76.89558, -76.890524, -76.887124, -76.884291, -76.884087, -76.88251, -76.880076, -76.878236, -76.875845, -76.87262, -76.873418, -76.87475, -76.878623, -76.880407, -76.884399, -76.88549, -76.889436, -76.893738, -76.897895, -76.900479, -76.898694, 38.964246, 38.964394, 38.964361, 38.96409, 38.962201, 38.961967, 38.961924, 38.961394, 38.960314, 38.959812, 38.959108, 38.955989, 38.955528, 38.954791, 38.952793, 38.952402, 38.952326, 38.951658, 38.955453, 38.95951, 
38.961867, 38.963234, 38.964246)))"
24033807102,Census Tract 8071.02; Prince George's County; Maryland,B19013_001,151111,19170,"list(list(c(-76.938049, -76.937959, -76.937975, -76.937927, -76.937931, -76.937939, -76.937964, -76.928865, -76.928691, -76.926148, -76.922254, -76.917493, -76.919433, -76.915942, -76.914063, -76.913771, -76.915144, -76.91582, -76.916873, -76.918759, -76.918942, -76.919368, -76.919852, -76.920006, -76.924917, -76.937067, -76.938997, -76.938049, 38.971045, 38.97177, 38.973005, 38.976263, 38.976357, 38.976962, 38.977689, 38.978816, 38.978149, 38.984265, 38.983222, 38.978709, 38.975705, 38.975689, 38.975122, 
38.975024, 38.972167, 38.971086, 38.969392, 38.965899, 38.963516, 38.962472, 38.960517, 38.960553, 38.961597, 38.964044, 38.964663, 38.971045)))"
24033804900,Census Tract 8049; Prince George's County; Maryland,B19013_001,78411,8167,"list(list(c(-76.987641, -76.987296, -76.981965, -76.979246, -76.97872, -76.973392, -76.972465, -76.967037, -76.967628, -76.96805, -76.971398, -76.971058, -76.970062, -76.971739, -76.9737462088173, -76.9744996741403, -76.9778263031425, -76.978434328903, -76.9859369495824, -76.987925151061, -76.987641, 38.957987, 38.958596, 38.955812, 38.954383, 38.954169, 38.953376, 38.953155, 38.95132, 38.949488, 38.948962, 38.947914, 38.947295, 38.945565, 38.944865, 38.9431860367818, 38.9437684347798, 38.9463397834696, 
38.9468097626111, 38.9526089827349, 38.9541457814772, 38.957987)))"
24033805700,Census Tract 8057; Prince George's County; Maryland,B19013_001,95985,8288,"list(list(c(-76.989884, -76.989059, -76.985693, -76.98415, -76.98367, -76.983629, -76.982446, -76.979812, -76.977098, -76.97535, -76.972032, -76.969546, -76.968251, -76.972787, -76.973681, -76.978294, -76.979382, -76.979028, -76.977476, -76.976125, -76.975669, -76.97952, -76.979763, -76.981506, -76.982261, -76.981094, -76.984888, -76.986667, -76.98853, -76.990676, -76.989884, 38.993986, 38.995577, 38.99998, 39.001438, 39.002201, 39.002267, 39.001084, 38.999267, 38.995194, 38.992801, 38.992367, 38.990583, 
38.98984, 38.984068, 38.983982, 38.983641, 38.984005, 38.984394, 38.985256, 38.986291, 38.987022, 38.990005, 38.992053, 38.992465, 38.992438, 38.9948, 38.996446, 38.99305, 38.993423, 38.993021, 38.993986)))"
24033804801,Census Tract 8048.01; Prince George's County; Maryland,B19013_001,61339,9769,"list(list(c(-76.971739, -76.970062, -76.971058, -76.971398, -76.96805, -76.967329, -76.965464, -76.966066, -76.968076, -76.967667, -76.968385, -76.968552, -76.968191, -76.9681589175141, -76.9737462088173, -76.971739, 38.944865, 38.945565, 38.947295, 38.947914, 38.948962, 38.94841, 38.947438, 38.947089, 38.945588, 38.943258, 38.943172, 38.941458, 38.939242, 38.9388672882342, 38.9431860367818, 38.944865)))"
24033802901,Census Tract 8029.01; Prince George's County; Maryland,B19013_001,NA,NA,"list(list(c(-76.912728, -76.912371, -76.9121, -76.910344, -76.91069, -76.9005, -76.899522, -76.899484, -76.898942, -76.900123, -76.899065, -76.899686, -76.899408, -76.89931, -76.899307, -76.899476, -76.899437, -76.899364, -76.899276, -76.898792, -76.898715, -76.898112, -76.897898, -76.897707, -76.896765, -76.896069, -76.895382, -76.895311, -76.894763, -76.894703, -76.894351, -76.894261, -76.894121, -76.89381, -76.893095, -76.892704, -76.89815, -76.900182, -76.902742, -76.904974, -76.910254, -76.91252, 
-76.9127638557406, -76.910795, -76.909395, -76.9105288415883, -76.9109558022081, -76.9128689511191, -76.912728, 38.895898, 38.896936, 38.896813, 38.898645, 38.89964, 38.902198, 38.903353, 38.903396, 38.903172, 38.901571, 38.898783, 38.897487, 38.897136, 38.896927, 38.896738, 38.896071, 38.895843, 38.895699, 38.895628, 38.895452, 38.89543, 38.895325, 38.89528, 38.895214, 38.894066, 38.893661, 38.893293, 38.892981, 38.892284, 38.892234, 38.891762, 38.891596, 38.89109, 38.890083, 38.888363, 38.887494, 
38.886914, 38.88685, 38.887098, 38.887629, 38.889537, 38.889865, 38.8901832414249, 38.891712, 38.892812, 38.8937163468627, 38.8940568886994, 38.8955828075168, 38.895898)))"
24033803100,Census Tract 8031; Prince George's County; Maryland,B19013_001,62563,13336,"list(list(c(-76.931724405319, -76.929688, -76.924697, -76.922995, -76.919352, -76.916614, -76.915185, -76.913848, -76.909749, -76.91014, -76.909526, -76.90942, -76.909235, -76.909083, -76.908812, -76.9062, -76.905231, -76.901952, -76.906726, -76.911517, -76.916309, -76.9234510631941, -76.9235292681466, -76.9312514680512, -76.9316368067784, -76.931724405319, 38.9106218315098, 38.911565, 38.91323, 38.913814, 38.91577, 38.91665, 38.917109, 38.915925, 38.916539, 38.916282, 38.916139, 38.916038, 38.915493, 
38.915327, 38.915237, 38.91308, 38.910829, 38.907467, 38.906406, 38.905722, 38.905086, 38.9040230516873, 38.9040854275996, 38.910244618909, 38.9105519633147, 38.9106218315098)))"
24033806711,Census Tract 8067.11; Prince George's County; Maryland,B19013_001,75548,13465,"list(list(c(-76.866929, -76.864805, -76.862534, -76.859997, -76.860016, -76.858382, -76.855462, -76.852858, -76.851247, -76.851804, -76.85316, -76.852827, -76.853382, -76.855097, -76.85933, -76.86225, -76.864437, -76.866767, -76.866929, 38.984312, 38.985763, 38.986364, 38.990879, 38.991485, 38.991406, 38.99123, 38.991043, 38.990803, 38.985298, 38.983437, 38.979118, 38.97814, 38.977967, 38.977984, 38.978937, 38.980389, 38.980249, 38.984312)))"
24033803607,Census Tract 8036.07; Prince George's County; Maryland,B19013_001,133875,36970,"list(list(c(-76.858448, -76.854856, -76.852955, -76.844305, -76.838664, -76.834826, -76.832896, -76.828641, -76.824491, -76.82476, -76.826418, -76.826386, -76.825522, -76.823185, -76.820379, -76.820478, -76.822387, -76.826545, -76.830665, -76.833156, -76.839171, -76.840277, -76.847044, -76.851884, -76.857463, -76.858448, 38.963642, 38.966749, 38.968062, 38.972634, 38.975585, 38.974181, 38.972908, 38.972397, 38.972645, 38.969756, 38.967075, 38.966675, 38.963224, 38.962055, 38.958183, 38.956313, 38.956543, 
38.958854, 38.961653, 38.962667, 38.964772, 38.964884, 38.965343, 38.964233, 38.963711, 38.963642)))"
24033806900,Census Tract 8069; Prince George's County; Maryland,B19013_001,139969,24406,"list(list(c(-76.92779, -76.926668, -76.924427, -76.9202, -76.916431, -76.912463, -76.910884, -76.908745, -76.90859, -76.908718, -76.909014, -76.912891, -76.915498, -76.915891, -76.918917, -76.922957, -76.923463, -76.926661, -76.929271, -76.92779, 39.014341, 39.018198, 39.018113, 39.018393, 39.018318, 39.017246, 39.016477, 39.015038, 39.014932, 39.014658, 39.014213, 39.008832, 39.005963, 39.006175, 39.007408, 39.008065, 39.006256, 39.008593, 39.008865, 39.014341)))"
24033806800,Census Tract 8068; Prince George's County; Maryland,B19013_001,131250,31816,"list(list(c(-76.921866, -76.920141, -76.913331, -76.912075, -76.904586, -76.902503, -76.901417, -76.903636, -76.906304, -76.907597, -76.90893, -76.909636, -76.910622, -76.91309, -76.914063, -76.915942, -76.919433, -76.917493, -76.91667, -76.918614, -76.921034, -76.922929, -76.921866, 38.993949, 38.998042, 38.99801, 38.997882, 38.996583, 38.996292, 38.994888, 38.993241, 38.990651, 38.989225, 38.987483, 38.985141, 38.98263, 38.979788, 38.975122, 38.975689, 38.975705, 38.978709, 38.980186, 38.982939, 
38.991166, 38.991397, 38.993949)))"
24033800212,Census Tract 8002.12; Prince George's County; Maryland,B19013_001,112500,30130,"list(list(c(-76.893848, -76.892738, -76.890672, -76.889696, -76.885947, -76.884958, -76.884849, -76.884213, -76.883158, -76.880649, -76.875943, -76.876142, -76.876696, -76.875085, -76.87439, -76.872775, -76.874164, -76.87077, -76.871314, -76.869539, -76.868942, -76.867618, -76.865226, -76.866129, -76.865003, -76.866464, -76.868362, -76.866766, -76.865593, -76.876693, -76.880937, -76.881074, -76.883847, -76.886305, -76.886884, -76.889027, -76.887835, -76.887189, -76.885709, -76.885709, -76.886102, 
-76.889593, -76.890502, -76.89173, -76.897174, -76.893848, 39.08965, 39.089011, 39.089179, 39.089193, 39.09016, 39.090274, 39.090011, 39.090112, 39.090079, 39.091038, 39.091248, 39.090418, 39.089245, 39.089047, 39.086791, 39.086023, 39.084995, 39.084378, 39.082243, 39.081297, 39.084561, 39.084153, 39.082932, 39.080662, 39.080339, 39.077974, 39.076247, 39.075951, 39.075539, 39.068175, 39.065356, 39.065533, 39.067309, 39.067794, 39.0678, 39.067696, 39.07019, 39.072255, 39.074969, 39.076188, 39.077233, 
39.080517, 39.081646, 39.0831, 39.085384, 39.08965)))"
24033800410,Census Tract 8004.10; Prince George's County; Maryland,B19013_001,187727,32842,"list(list(c(-76.800738, -76.792141, -76.793622, -76.795023, -76.796593, -76.793075, -76.78939, -76.789463, -76.788162, -76.783863, -76.783417, -76.781885, -76.781994, -76.782124, -76.784807, -76.785976, -76.785957, -76.784305, -76.778955, -76.776618, -76.773811, -76.772156, -76.771129, -76.768345, -76.765514, -76.761312, -76.757, -76.754021, -76.751258, -76.747649, -76.750005, -76.749921, -76.74589, -76.74313, -76.742784, -76.744517, -76.740853, -76.740379, -76.738111, -76.736439, -76.737054, -76.738689, 
-76.742267, -76.743653, -76.74612, -76.746547, -76.748938, -76.750977, -76.751534, -76.75233, -76.752719, -76.753225, -76.753545, -76.754534, -76.756203, -76.758265, -76.760475, -76.761156, -76.761151, -76.761109, -76.760924, -76.763292, -76.764637, -76.76662, -76.768927, -76.770646, -76.772291, -76.772853, -76.774314, -76.774564, -76.779926, -76.782063, -76.78386, -76.787911, -76.790356, -76.790473, -76.791935, -76.798887, -76.800051, -76.800738, 38.995526, 39.000344, 39.001328, 39.005705, 39.00643, 
39.00899, 39.008623, 39.010359, 39.01059, 39.01064, 39.010656, 39.010709, 39.01203, 39.013768, 39.019493, 39.023414, 39.02519, 39.031553, 39.02976, 39.028116, 39.027204, 39.026555, 39.02578, 39.029801, 39.03386, 39.035379, 39.037761, 39.037113, 39.034714, 39.033418, 39.031362, 39.030003, 39.028192, 39.023699, 39.02047, 39.01712, 39.014601, 39.012868, 39.012542, 39.010856, 39.01127, 39.010453, 39.009281, 39.009295, 39.008509, 39.008364, 39.008133, 39.007033, 39.00695, 39.006976, 39.007141, 39.007507, 
39.007514, 39.007312, 39.006631, 39.006477, 39.005797, 39.004888, 39.003629, 39.002725, 39.001605, 38.999196, 38.998463, 38.997495, 38.99689, 38.996687, 38.996209, 38.994724, 38.992652, 38.993245, 38.991124, 38.990687, 38.990824, 38.990292, 38.991589, 38.993815, 38.994974, 38.994492, 38.994087, 38.995526)))"
24033800517,Census Tract 8005.17; Prince George's County; Maryland,B19013_001,184173,21858,"list(list(c(-76.803921, -76.803433, -76.80086, -76.79443, -76.791997, -76.78734, -76.779042, -76.777343, -76.774227, -76.77022, -76.764744, -76.762519, -76.760796, -76.760379, -76.758508, -76.75636, -76.75525, -76.754041, -76.753807, -76.749345, -76.749107, -76.744242, -76.744304, -76.740659, -76.739133, -76.735803, -76.735645, -76.735649, -76.735742, -76.735935, -76.735977, -76.737249, -76.742676, -76.745744, -76.75817, -76.758465, -76.781293, -76.782911, -76.788219, -76.790508, -76.792657, -76.793018, 
-76.796778, -76.797761, -76.799177, -76.800891, -76.803653, -76.803921, 38.917963, 38.9211, 38.921384, 38.921752, 38.922628, 38.924948, 38.927362, 38.927219, 38.925867, 38.924927, 38.924289, 38.92465, 38.925191, 38.924136, 38.920889, 38.916832, 38.913099, 38.913178, 38.910835, 38.911643, 38.915809, 38.9162, 38.916652, 38.916358, 38.913684, 38.903655, 38.902379, 38.902247, 38.901804, 38.901141, 38.901002, 38.901167, 38.902945, 38.903267, 38.901993, 38.901979, 38.900416, 38.900432, 38.900962, 38.900843, 
38.900311, 38.900853, 38.90488, 38.908134, 38.910471, 38.91445, 38.917349, 38.917963)))"
24033800707,Census Tract 8007.07; Prince George's County; Maryland,B19013_001,121129,42164,"list(list(c(-76.849089, -76.848438, -76.843706, -76.83375, -76.824978, -76.824838, -76.817389, -76.815207, -76.812119, -76.807751, -76.804817, -76.798148, -76.793333, -76.788685, -76.785852, -76.777008, -76.777534, -76.768707, -76.765647, -76.767531, -76.761213, -76.76137, -76.764958, -76.768155, -76.76998, -76.772824, -76.780071, -76.783005, -76.79296, -76.794799, -76.796258, -76.800059, -76.802841, -76.803911, -76.807122, -76.808897, -76.813408, -76.818658, -76.822819, -76.825409, -76.824227, -76.824069, 
-76.826872, -76.828873, -76.834103, -76.837256, -76.840849, -76.841002, -76.841074, -76.842306, -76.84639, -76.848928, -76.849935, -76.849089, 38.82049, 38.821098, 38.819132, 38.816739, 38.814119, 38.81407, 38.811632, 38.811157, 38.811434, 38.812603, 38.813016, 38.813401, 38.812871, 38.811832, 38.81182, 38.812994, 38.811469, 38.811106, 38.809488, 38.808524, 38.804129, 38.797655, 38.79668, 38.794042, 38.792982, 38.792154, 38.791835, 38.791157, 38.785206, 38.784098, 38.782993, 38.782439, 38.782843, 
38.784611, 38.785739, 38.789127, 38.792535, 38.793794, 38.80082, 38.801346, 38.803753, 38.804426, 38.804462, 38.806649, 38.80705, 38.809556, 38.810525, 38.805132, 38.802304, 38.801798, 38.804306, 38.805377, 38.819367, 38.82049)))"
24033801216,Census Tract 8012.16; Prince George's County; Maryland,B19013_001,80421,16472,"list(list(c(-76.932006, -76.927123, -76.923904, -76.919124, -76.923607, -76.926148, -76.921872, -76.918695, -76.917473, -76.914577, -76.913894, -76.914382, -76.906996, -76.898093, -76.895347, -76.895017, -76.895049, -76.895117, -76.895703, -76.897892, -76.901483, -76.903552, -76.904786, -76.907372, -76.913022, -76.91349, -76.91556, -76.91972, -76.921996, -76.924573, -76.926086, -76.929087, -76.930143, -76.931024, -76.932006, 38.747663, 38.751984, 38.754417, 38.7555, 38.761175, 38.763432, 38.764807, 
38.767043, 38.7667, 38.767187, 38.765012, 38.761602, 38.763712, 38.765252, 38.759021, 38.756599, 38.755272, 38.754122, 38.751823, 38.750152, 38.745486, 38.74349, 38.74253, 38.739363, 38.733359, 38.733065, 38.732144, 38.728666, 38.729986, 38.732469, 38.735283, 38.737843, 38.74301, 38.743813, 38.747663)))"
24033801313,Census Tract 8013.13; Prince George's County; Maryland,B19013_001,111083,22690,"list(list(c(-76.99329, -76.990196, -76.980821, -76.979144, -76.978592, -76.975799, -76.972609, -76.969688, -76.967765, -76.964739, -76.96181, -76.962175, -76.961407, -76.963278, -76.962796, -76.961203, -76.957222, -76.961302, -76.963855, -76.965134, -76.968527, -76.967927, -76.970538, -76.969818, -76.972544, -76.975977, -76.975827, -76.985572, -76.990609, -76.990768, -76.991918, -76.99329, 38.755924, 38.755511, 38.752755, 38.752146, 38.751776, 38.752814, 38.751684, 38.752434, 38.755016, 38.755754, 
38.755461, 38.75414, 38.753172, 38.752562, 38.750028, 38.748313, 38.746191, 38.742207, 38.741994, 38.738674, 38.7374, 38.735142, 38.734878, 38.733274, 38.732501, 38.733905, 38.735308, 38.735873, 38.734408, 38.731974, 38.742644, 38.755924)))"
24033803610,Census Tract 8036.10; Prince George's County; Maryland,B19013_001,84632,18341,"list(list(c(-76.896502, -76.896148, -76.895014, -76.892908, -76.889587, -76.884699, -76.884133, -76.884304, -76.88046, -76.878511, -76.873794, -76.871429, -76.869513, -76.869223, -76.872332, -76.87262, -76.875845, -76.878236, -76.880076, -76.88251, -76.884087, -76.884291, -76.887124, -76.890524, -76.89558, -76.896839, -76.896502, 38.96519, 38.965108, 38.965647, 38.966758, 38.967487, 38.966187, 38.966121, 38.965893, 38.965575, 38.966406, 38.965999, 38.96397, 38.961256, 38.957917, 38.956158, 38.955989, 
38.959108, 38.959812, 38.960314, 38.961394, 38.961924, 38.961967, 38.962201, 38.96409, 38.964361, 38.964394, 38.96519)))"
24033805908,Census Tract 8059.08; Prince George's County; Maryland,B19013_001,72566,25300,"list(list(c(-76.962257, -76.961353, -76.960804, -76.960459, -76.961609, -76.961374, -76.96051, -76.958893, -76.958289, -76.957455, -76.953757, -76.953425, -76.953056, -76.952553, -76.949759, -76.949341, -76.948845, -76.948778, -76.948314, -76.948302, -76.948481, -76.951673, -76.959517, -76.96235, -76.962257, 38.96778, 38.967627, 38.969905, 38.970339, 38.971042, 38.973118, 38.97322, 38.974661, 38.975593, 38.976356, 38.977104, 38.977425, 38.976995, 38.976416, 38.972375, 38.971553, 38.968262, 38.967722, 
38.966485, 38.966428, 38.966431, 38.966596, 38.966971, 38.967097, 38.96778)))"
24033801807,Census Tract 8018.07; Prince George's County; Maryland,B19013_001,83779,17503,"list(list(c(-76.9849693143039, -76.9824909808814, -76.979497, -76.972937771182, -76.9723265158783, -76.9708517314095, -76.970809393602, -76.9665705107147, -76.9654382741179, -76.9634722062732, -76.9619414862435, -76.9581489643888, -76.9581401027746, -76.957536, -76.956543, -76.95607, -76.959041, -76.957866, -76.962496, -76.964055, -76.96662, -76.965937, -76.966991, -76.965187, -76.963405, -76.966277, -76.967052, -76.964863, -76.968985, -76.969919, -76.968249, -76.968078, -76.967553, -76.968835, -76.968936, 
-76.970163, -76.975396, -76.98365, -76.9873306495444, -76.9849693143039, 38.8338325496209, 38.8356347861757, 38.837812, 38.8430744331047, 38.8435648398636, 38.8447480513091, 38.8447820186986, 38.8481828510604, 38.8490912382374, 38.8506686036258, 38.8518966918632, 38.8549394112303, 38.8549465208545, 38.854431, 38.853169, 38.8524, 38.851615, 38.850019, 38.846839, 38.845058, 38.843574, 38.84295, 38.841133, 38.838314, 38.837605, 38.836297, 38.8348, 38.832931, 38.831072, 38.829703, 38.829201, 38.829127, 
38.827931, 38.822611, 38.822419, 38.823562, 38.825827, 38.831195, 38.8321153937896, 38.8338325496209)))"
24033801702,Census Tract 8017.02; Prince George's County; Maryland,B19013_001,71518,15426,"list(list(c(-76.973292, -76.970463, -76.96691, -76.960602, -76.956465, -76.94877, -76.946423, -76.945952, -76.94676, -76.950047, -76.954222, -76.95519, -76.958584, -76.958975, -76.959698, -76.962691, -76.965997, -76.970693, -76.973166, -76.973292, 38.806073, 38.808777, 38.809432, 38.813098, 38.81479, 38.817279, 38.815402, 38.814142, 38.813438, 38.812041, 38.808177, 38.808366, 38.804977, 38.805131, 38.805334, 38.805784, 38.804737, 38.805846, 38.805683, 38.806073)))"
24033804102,Census Tract 8041.02; Prince George's County; Maryland,B19013_001,85163,21302,"list(list(c(-76.916064, -76.914357, -76.913195, -76.912069, -76.907538, -76.903505, -76.900478, -76.899742, -76.897552, -76.893121, -76.892311, -76.887346, -76.886479, -76.887415, -76.897604, -76.900129, -76.902073, -76.903116, -76.907897, -76.910313, -76.914475, -76.915193, -76.917023, -76.916064, 38.936288, 38.939158, 38.938856, 38.938817, 38.939311, 38.941881, 38.944455, 38.944817, 38.945536, 38.94404, 38.940171, 38.937746, 38.937423, 38.937302, 38.930543, 38.931606, 38.932308, 38.932606, 38.933273, 
38.933723, 38.934335, 38.93454, 38.935238, 38.936288)))"
24033803514,Census Tract 8035.14; Prince George's County; Maryland,B19013_001,100436,11514,"list(list(c(-76.851808, -76.848445, -76.844897, -76.838669, -76.836796, -76.83215, -76.830056, -76.827444, -76.826448, -76.823624, -76.822834, -76.822707, -76.828639, -76.831667, -76.831997, -76.835427, -76.839306, -76.846652, -76.847344, -76.847371, -76.850537, -76.850681, -76.850635, -76.849979, -76.84975, -76.851808, 38.9172, 38.917166, 38.916245, 38.912833, 38.915118, 38.916629, 38.913191, 38.906018, 38.90479, 38.903201, 38.902296, 38.899091, 38.89916, 38.898453, 38.898325, 38.896445, 38.894751, 
38.892363, 38.892164, 38.892233, 38.900673, 38.90176, 38.903763, 38.907025, 38.909643, 38.9172)))"
24033805601,Census Tract 8056.01; Prince George's County; Maryland,B19013_001,61023,27708,"list(list(c(-76.990676, -76.98853, -76.986667, -76.984888, -76.981094, -76.982261, -76.98437, -76.984461, -76.983795, -76.983322, -76.981218, -76.978694, -76.977476, -76.979028, -76.979382, -76.984787, -76.985005, -76.98682, -76.987639, -76.987795, -76.991098, -76.990676, 38.993021, 38.993423, 38.99305, 38.996446, 38.9948, 38.992438, 38.992442, 38.990391, 38.988397, 38.988105, 38.987857, 38.987377, 38.985256, 38.984394, 38.984005, 38.987182, 38.987312, 38.988375, 38.988979, 38.989099, 38.992405, 
38.993021)))"
24033807404,Census Tract 8074.04; Prince George's County; Maryland,B19013_001,102891,34492,"list(list(c(-76.926596, -76.925888, -76.925108, -76.923426, -76.915512, -76.912871, -76.911273, -76.912216, -76.912417, -76.915468, -76.918916, -76.922442, -76.923013, -76.925935, -76.924207, -76.918965, -76.914586, -76.908133, -76.904617, -76.900133, -76.897159, -76.895182, -76.890726, -76.894288, -76.895375, -76.898695, -76.898598, -76.901375, -76.901405, -76.905757, -76.90707, -76.907742, -76.908745, -76.910884, -76.912463, -76.916431, -76.9202, -76.924427, -76.926668, -76.926596, 39.018439, 39.020536, 
39.021793, 39.023751, 39.029315, 39.034841, 39.038006, 39.041599, 39.044007, 39.046433, 39.04908, 39.05104, 39.050943, 39.051611, 39.052411, 39.053331, 39.055244, 39.056133, 39.057813, 39.054293, 39.050518, 39.050594, 39.048755, 39.045332, 39.043065, 39.040829, 39.033473, 39.028715, 39.023051, 39.023046, 39.023087, 39.017628, 39.015038, 39.016477, 39.017246, 39.018318, 39.018393, 39.018113, 39.018198, 39.018439)))"
24033800507,Census Tract 8005.07; Prince George's County; Maryland,B19013_001,102093,26171,"list(list(c(-76.746276, -76.741195, -76.740004, -76.736053, -76.735977, -76.732516, -76.723395, -76.721048, -76.718175, -76.717153, -76.717213, -76.717376, -76.717058, -76.716152, -76.716145, -76.717552, -76.71796, -76.718124, -76.718137, -76.71808, -76.717805, -76.717639, -76.717416, -76.717469, -76.714885, -76.693912, -76.693928, -76.693841, -76.693395, -76.693455, -76.694199, -76.695274, -76.695433, -76.695284, -76.69348, -76.691505, -76.691022, -76.692179, -76.691156, -76.688895, -76.68528, -76.681425, 
-76.681376, -76.683125, -76.685628, -76.690533, -76.690592, -76.687183, -76.686508, -76.685117, -76.684002, -76.682806, -76.680898, -76.679371, -76.678056, -76.678518, -76.676816, -76.674933, -76.672871, -76.670606, -76.669515, -76.671236, -76.671505, -76.673024, -76.676259, -76.676276, -76.676301, -76.673218, -76.671786, -76.672145, -76.675237, -76.675898, -76.67541, -76.676145, -76.676575, -76.67826, -76.680656, -76.680654, -76.683162, -76.688101, -76.691869, -76.692124, -76.691033, -76.691169, 
-76.697758, -76.698561, -76.699679, -76.700913, -76.70428, -76.705249, -76.707826, -76.70876, -76.713849, -76.715744, -76.719661, -76.723222, -76.725221, -76.731523, -76.736663, -76.744834, -76.74551, -76.747832, -76.746276, 38.878221, 38.88586, 38.889083, 38.900781, 38.901002, 38.900701, 38.899644, 38.899143, 38.8986, 38.905787, 38.908912, 38.912241, 38.915911, 38.924486, 38.925015, 38.935331, 38.935787, 38.941477, 38.94249, 38.947985, 38.949925, 38.951144, 38.953499, 38.955166, 38.955389, 38.955845, 
38.955589, 38.954507, 38.952944, 38.951442, 38.949725, 38.948554, 38.948217, 38.947777, 38.944225, 38.941987, 38.940841, 38.936325, 38.934858, 38.933545, 38.932817, 38.931265, 38.92935, 38.926296, 38.925561, 38.924763, 38.923456, 38.919464, 38.918163, 38.917997, 38.919096, 38.918951, 38.91691, 38.916513, 38.914194, 38.910539, 38.909312, 38.909026, 38.907363, 38.907376, 38.904426, 38.90172, 38.899419, 38.898797, 38.895949, 38.895163, 38.89191, 38.888497, 38.887568, 38.886627, 38.885665, 38.88367, 
38.881734, 38.880011, 38.875964, 38.873509, 38.872279, 38.870571, 38.866721, 38.864557, 38.859212, 38.857131, 38.855508, 38.854401, 38.8564, 38.859261, 38.860995, 38.861795, 38.862544, 38.864201, 38.864577, 38.863897, 38.866297, 38.865881, 38.866583, 38.86587, 38.859504, 38.86136, 38.864948, 38.867169, 38.867778, 38.871748, 38.878221)))"
24033801801,Census Tract 8018.01; Prince George's County; Maryland,B19013_001,43649,7420,"list(list(c(-76.951877, -76.951829, -76.949348, -76.947489, -76.945035, -76.941059, -76.941795, -76.944665, -76.94817, -76.948504, -76.949961, -76.951082, -76.950903, -76.951351, -76.953439, -76.951877, 38.83149, 38.83332, 38.833019, 38.834253, 38.831685, 38.831272, 38.830102, 38.827051, 38.824109, 38.823915, 38.823461, 38.824603, 38.827917, 38.828447, 38.828476, 38.83149)))"
24033801209,Census Tract 8012.09; Prince George's County; Maryland,B19013_001,119063,21893,"list(list(c(-76.91349, -76.913022, -76.907372, -76.904786, -76.903552, -76.901483, -76.897892, -76.895703, -76.897366, -76.897409, -76.896368, -76.896077, -76.895129, -76.894774, -76.894733, -76.894915, -76.895077, -76.895208, -76.895455, -76.895471, -76.896148, -76.897564, -76.900798, -76.910094, -76.91556, -76.91349, 38.733065, 38.733359, 38.739363, 38.74253, 38.74349, 38.745486, 38.750152, 38.751823, 38.746175, 38.745935, 38.741465, 38.741007, 38.740187, 38.739383, 38.738893, 38.737859, 38.736691, 
38.734615, 38.733272, 38.729444, 38.728012, 38.728817, 38.727967, 38.720914, 38.732144, 38.733065)))"
24033801005,Census Tract 8010.05; Prince George's County; Maryland,B19013_001,136866,24693,"list(list(c(-76.846003, -76.844656, -76.843779, -76.841933, -76.841376, -76.841447, -76.84322, -76.843275, -76.842176, -76.840913, -76.840994, -76.839191, -76.837576, -76.838972, -76.839724, -76.843304, -76.842675, -76.841288, -76.835727, -76.832951, -76.830157, -76.82988, -76.830948, -76.832309, -76.832393, -76.832382, -76.82705, -76.824343, -76.819682, -76.816574, -76.819576, -76.820773, -76.825831, -76.831044, -76.831247, -76.832621, -76.832819, -76.84528, -76.846539, -76.846003, 38.746386, 38.748295, 
38.752471, 38.754322, 38.756519, 38.76012, 38.763748, 38.765134, 38.766876, 38.77077, 38.774079, 38.774584, 38.776979, 38.778109, 38.780421, 38.785436, 38.785628, 38.783929, 38.779794, 38.775621, 38.773404, 38.76983, 38.762571, 38.75545, 38.754155, 38.753331, 38.750291, 38.750335, 38.746682, 38.745993, 38.740936, 38.739577, 38.735444, 38.738533, 38.738791, 38.741486, 38.744418, 38.745584, 38.746196, 38.746386)))"
24033800409,Census Tract 8004.09; Prince George's County; Maryland,B19013_001,159028,47537,"list(list(c(-76.798887, -76.791935, -76.790473, -76.790356, -76.787911, -76.78386, -76.782063, -76.779926, -76.774564, -76.774314, -76.772853, -76.772291, -76.770646, -76.768927, -76.76662, -76.764637, -76.763292, -76.760924, -76.761109, -76.759741, -76.75893, -76.758731, -76.758299, -76.757276, -76.756855, -76.756436, -76.755997, -76.755536, -76.757114, -76.757911, -76.75857, -76.761136, -76.764972, -76.772187, -76.773514, -76.773523, -76.773562, -76.778344, -76.780824, -76.783005, -76.785268, -76.787129, 
-76.787486, -76.788064, -76.788796, -76.79021, -76.791127, -76.791316, -76.791575, -76.791959, -76.79438, -76.79701, -76.800051, -76.798887, 38.994492, 38.994974, 38.993815, 38.991589, 38.990292, 38.990824, 38.990687, 38.991124, 38.993245, 38.992652, 38.994724, 38.996209, 38.996687, 38.99689, 38.997495, 38.998463, 38.999196, 39.001605, 39.002725, 39.001216, 38.998087, 38.995756, 38.989371, 38.984586, 38.982582, 38.980674, 38.973124, 38.970876, 38.96987, 38.969598, 38.969485, 38.969909, 38.97061, 
38.971817, 38.972142, 38.972223, 38.972292, 38.973059, 38.97304, 38.972613, 38.971659, 38.973243, 38.973912, 38.975058, 38.975644, 38.977199, 38.980219, 38.980911, 38.981564, 38.982213, 38.98472, 38.988327, 38.994087, 38.994492)))"
24033805101,Census Tract 8051.01; Prince George's County; Maryland,B19013_001,69489,14802,"list(list(c(-76.980557, -76.979674, -76.974915, -76.970784, -76.970851, -76.97025, -76.969388, -76.966, -76.963458, -76.96227, -76.964924, -76.96649, -76.967415, -76.973832, -76.974475, -76.974201, -76.979285, -76.980234, -76.980557, 38.971202, 38.972163, 38.966999, 38.963333, 38.963261, 38.962716, 38.961567, 38.955741, 38.95613, 38.955892, 38.954382, 38.952503, 38.952554, 38.955457, 38.957112, 38.958635, 38.961994, 38.96327, 38.971202)))"
24033803608,Census Tract 8036.08; Prince George's County; Maryland,B19013_001,97813,22655,"list(list(c(-76.866037, -76.862932, -76.862136, -76.860236, -76.858448, -76.857463, -76.851884, -76.847044, -76.840277, -76.839171, -76.833156, -76.830665, -76.826545, -76.822387, -76.820478, -76.819533, -76.823213, -76.828585, -76.840454, -76.839418, -76.839075, -76.854056, -76.858502, -76.864894, -76.866037, 38.959659, 38.961531, 38.962305, 38.963361, 38.963642, 38.963711, 38.964233, 38.965343, 38.964884, 38.964772, 38.962667, 38.961653, 38.958854, 38.956543, 38.956313, 38.956378, 38.955946, 38.9559, 
38.949271, 38.948331, 38.947108, 38.945907, 38.945544, 38.956852, 38.959659)))"
24033800211,Census Tract 8002.11; Prince George's County; Maryland,B19013_001,86101,16145,"list(list(c(-76.848665, -76.848568, -76.848159, -76.847493, -76.847344, -76.846323, -76.84399, -76.843898, -76.839429, -76.832878, -76.832596, -76.832375, -76.834421, -76.834908, -76.832719, -76.836723, -76.838083, -76.837724, -76.83739, -76.835616, -76.833304, -76.831532, -76.835892, -76.838622, -76.838647, -76.839374, -76.839488, -76.840196, -76.84184, -76.843155, -76.844217, -76.846315, -76.846842, -76.847216, -76.847862, -76.848639, -76.848665, 39.077266, 39.078097, 39.08036, 39.084444, 39.085381, 
39.089195, 39.092815, 39.092936, 39.091152, 39.086364, 39.086068, 39.085766, 39.083463, 39.082871, 39.075943, 39.0736, 39.073586, 39.071802, 39.07015, 39.067919, 39.069378, 39.069162, 39.063296, 39.058768, 39.058711, 39.060181, 39.063888, 39.066588, 39.06895, 39.070084, 39.070739, 39.071967, 39.072375, 39.072754, 39.073663, 39.075718, 39.077266)))"
24033803403,Census Tract 8034.03; Prince George's County; Maryland,B19013_001,49774,25398,"list(list(c(-76.892085, -76.889107, -76.882868, -76.880133, -76.87908, -76.87445, -76.874343, -76.870547, -76.868701, -76.864734, -76.860154, -76.860193, -76.860485, -76.861248, -76.870003, -76.871915, -76.872624, -76.878816, -76.881062, -76.88477, -76.890142, -76.892085, 38.909581, 38.912313, 38.916443, 38.918544, 38.919574, 38.92613, 38.926279, 38.924517, 38.923521, 38.920819, 38.918241, 38.918113, 38.916078, 38.914649, 38.913137, 38.912783, 38.912703, 38.912808, 38.912829, 38.912784, 38.910098, 
38.909581)))"
24033800521,Census Tract 8005.21; Prince George's County; Maryland,B19013_001,128616,14027,"list(list(c(-76.804521, -76.801717, -76.800885, -76.801019, -76.800776, -76.800022, -76.799315, -76.797988, -76.795818, -76.79514, -76.794038, -76.793018, -76.792657, -76.790508, -76.788219, -76.782911, -76.781293, -76.758465, -76.75817, -76.758141, -76.758095, -76.757656, -76.757361, -76.7575, -76.758315, -76.759932, -76.759675, -76.763825, -76.76611, -76.768702, -76.770851, -76.771897, -76.780653, -76.781397, -76.784411, -76.786316, -76.795633, -76.79873, -76.798257, -76.800324, -76.802781, -76.802081, 
-76.80337, -76.802685, -76.803465, -76.802807, -76.804861, -76.804521, 38.893823, 38.895675, 38.896313, 38.896814, 38.89714, 38.897156, 38.897345, 38.897999, 38.898071, 38.898193, 38.899939, 38.900853, 38.900311, 38.900843, 38.900962, 38.900432, 38.900416, 38.901979, 38.901993, 38.901661, 38.901045, 38.894873, 38.891372, 38.890391, 38.887651, 38.88204, 38.875184, 38.87527, 38.875894, 38.877629, 38.877624, 38.877157, 38.87713, 38.876997, 38.873613, 38.874176, 38.874743, 38.875317, 38.879022, 38.879852, 
38.881713, 38.88232, 38.883301, 38.883873, 38.88746, 38.890912, 38.893143, 38.893823)))"
24033806714,Census Tract 8067.14; Prince George's County; Maryland,B19013_001,100171,24763,"list(list(c(-76.920104, -76.916548, -76.915891, -76.915498, -76.912891, -76.909014, -76.908718, -76.90859, -76.907922, -76.905779, -76.901694, -76.904478, -76.901307, -76.902669, -76.902108, -76.902379, -76.903238, -76.903326, -76.910241, -76.911672, -76.912037, -76.912075, -76.913331, -76.920141, -76.920395, -76.919422, -76.921463, -76.920104, 39.00678, 39.005313, 39.006175, 39.005963, 39.008832, 39.014213, 39.014658, 39.014932, 39.014476, 39.012985, 39.009887, 39.009236, 39.007292, 39.005241, 39.004856, 
39.00467, 39.003586, 39.000799, 39.001462, 38.99965, 38.998021, 38.997882, 38.99801, 38.998042, 38.998044, 39.002871, 39.003564, 39.00678)))"
24033803521,Census Tract 8035.21; Prince George's County; Maryland,B19013_001,166861,23453,"list(list(c(-76.854741, -76.84986, -76.848504, -76.847446, -76.84571, -76.841324, -76.838659, -76.837952, -76.834187, -76.832769, -76.828884, -76.828097, -76.82825, -76.823456, -76.820314, -76.82008, -76.819902, -76.817179, -76.824465, -76.828913, -76.83215, -76.836796, -76.838669, -76.844897, -76.848445, -76.851808, -76.853693, -76.854459, -76.854741, 38.930647, 38.930602, 38.931189, 38.936599, 38.936461, 38.93598, 38.934805, 38.934494, 38.932828, 38.932167, 38.930836, 38.930885, 38.929499, 38.928659, 
38.924253, 38.923396, 38.921097, 38.919258, 38.917118, 38.917217, 38.916629, 38.915118, 38.912833, 38.916245, 38.917166, 38.9172, 38.923611, 38.928235, 38.930647)))"
24033802407,Census Tract 8024.07; Prince George's County; Maryland,B19013_001,66116,7143,"list(list(c(-76.917128, -76.914588, -76.916487, -76.915781, -76.914865, -76.912758, -76.909477, -76.907328, -76.905241, -76.903593, -76.902645, -76.902108, -76.900767, -76.900154, -76.901005, -76.901502, -76.902792, -76.906566, -76.906992, -76.907382, -76.90764, -76.90803, -76.908334, -76.909062, -76.910348, -76.910866, -76.918858, -76.917128, 38.86145, 38.860563, 38.863972, 38.864984, 38.864235, 38.864863, 38.864656, 38.865411, 38.865138, 38.864165, 38.861063, 38.858859, 38.856342, 38.854928, 38.855358, 
38.855193, 38.854809, 38.853616, 38.853565, 38.853579, 38.853631, 38.853767, 38.853997, 38.853646, 38.853162, 38.853475, 38.860243, 38.86145)))"
24033800108,Census Tract 8001.08; Prince George's County; Maryland,B19013_001,95217,24191,"list(list(c(-76.86995, -76.867403, -76.862315, -76.859151, -76.858103, -76.855387, -76.850848, -76.854145, -76.857002, -76.857208, -76.858603, -76.861279, -76.865173, -76.870356, -76.86995, 39.096734, 39.096576, 39.098408, 39.099639, 39.099876, 39.099454, 39.097223, 39.094353, 39.091928, 39.091763, 39.092147, 39.092211, 39.093048, 39.093572, 39.096734)))"
24033801214,Census Tract 8012.14; Prince George's County; Maryland,B19013_001,93500,22955,"list(list(c(-76.890364, -76.888743, -76.882836, -76.879683, -76.87685, -76.864626, -76.864301, -76.86129, -76.861189, -76.861177, -76.864354, -76.86348, -76.857043, -76.856706, -76.851814, -76.853794, -76.853518, -76.852413, -76.851625, -76.848928, -76.84639, -76.842306, -76.841187, -76.839302, -76.836273, -76.843026, -76.84321, -76.842675, -76.843304, -76.84602, -76.847813, -76.850458, -76.855907, -76.866087, -76.86738, -76.870412, -76.876528, -76.879194, -76.881923, -76.884803, -76.887113, -76.887531, 
-76.889793, -76.888843, -76.890364, 38.78361, 38.783793, 38.783687, 38.782678, 38.782367, 38.782293, 38.784215, 38.785293, 38.785945, 38.786592, 38.788379, 38.788718, 38.789172, 38.795908, 38.798076, 38.801263, 38.80324, 38.804398, 38.806761, 38.805377, 38.804306, 38.801798, 38.799317, 38.798457, 38.794138, 38.787305, 38.786534, 38.785628, 38.785436, 38.783718, 38.783788, 38.782812, 38.779454, 38.776113, 38.775928, 38.7752, 38.771134, 38.770334, 38.769793, 38.768312, 38.774807, 38.775744, 38.778934, 
38.778959, 38.78361)))"
24033801707,Census Tract 8017.07; Prince George's County; Maryland,B19013_001,83523,19203,"list(list(c(-76.996395, -76.99294, -76.993762, -76.992094, -76.993793, -76.992989, -76.991144, -76.99056, -76.988031, -76.988347, -76.986696, -76.986033, -76.974464, -76.974317, -76.973677, -76.973235, -76.968644, -76.968386, -76.970463, -76.981222, -76.990468, -76.99052, -76.990973, -76.991626, -76.99241, -76.992547, -76.992956, -76.994309, -76.996198, -76.996395, 38.816519, 38.817257, 38.819074, 38.819565, 38.822832, 38.82451, 38.823899, 38.823483, 38.82046, 38.820343, 38.818483, 38.817063, 38.814163, 
38.813714, 38.811064, 38.810858, 38.811149, 38.810655, 38.808777, 38.807205, 38.806366, 38.807295, 38.808877, 38.809931, 38.811043, 38.811301, 38.811905, 38.813722, 38.814989, 38.816519)))"
24033801408,Census Tract 8014.08; Prince George's County; Maryland,B19013_001,82625,12086,"list(list(c(-76.980172, -76.973166, -76.970693, -76.965997, -76.962691, -76.959698, -76.958975, -76.958584, -76.957392, -76.95253, -76.945452, -76.948239, -76.952999, -76.953475, -76.954424, -76.96314, -76.964961, -76.969241, -76.971386, -76.972779, -76.970839, -76.967211, -76.970809, -76.976282, -76.980172, 38.800149, 38.805683, 38.805846, 38.804737, 38.805784, 38.805334, 38.805131, 38.804977, 38.804352, 38.804099, 38.802262, 38.799338, 38.797236, 38.796466, 38.794558, 38.793726, 38.792751, 38.791785, 
38.79041, 38.791965, 38.792183, 38.793706, 38.79953, 38.795894, 38.800149)))"
24033800413,Census Tract 8004.13; Prince George's County; Maryland,B19013_001,110581,13999,"list(list(c(-76.83767, -76.836116, -76.835994, -76.830891, -76.82742, -76.820683, -76.819595, -76.818036, -76.81626, -76.819049, -76.823646, -76.831657, -76.832317, -76.832813, -76.835085, -76.835706, -76.839043, -76.83767, 38.987235, 38.989633, 38.990913, 38.99107, 38.990847, 38.989538, 38.989145, 38.988316, 38.987299, 38.985875, 38.983472, 38.979285, 38.979909, 38.979664, 38.980947, 38.984636, 38.9858, 38.987235)))"
24033805906,Census Tract 8059.06; Prince George's County; Maryland,B19013_001,78026,7985,"list(list(c(-76.980435, -76.980261, -76.979606, -76.978098, -76.977278, -76.975756, -76.97194, -76.969783, -76.968814, -76.971017, -76.971903, -76.974909, -76.974203, -76.976918, -76.97911, -76.980464, -76.980435, 39.006946, 39.007201, 39.008161, 39.009808, 39.010947, 39.009619, 39.007512, 39.005922, 39.005006, 39.004634, 39.003216, 39.003595, 39.006713, 39.006833, 39.006335, 39.006903, 39.006946)))"
24033806712,Census Tract 8067.12; Prince George's County; Maryland,B19013_001,84132,29383,"list(list(c(-76.880908, -76.871597, -76.867425, -76.865176, -76.863743, -76.863121, -76.860465, -76.858523, -76.849925, -76.851227, -76.851422, -76.849964, -76.847821, -76.846127, -76.84293, -76.850011, -76.851247, -76.852858, -76.855462, -76.858382, -76.860016, -76.863072, -76.864349, -76.865717, -76.868728, -76.872602, -76.874327, -76.877676, -76.880908, 38.994903, 38.99793, 39.00054, 39.003033, 39.005663, 39.007224, 39.01468, 39.019895, 39.016366, 39.013489, 39.010483, 39.005091, 39.000003, 38.996941, 
38.992134, 38.990701, 38.990803, 38.991043, 38.99123, 38.991406, 38.991485, 38.991669, 38.991741, 38.991995, 38.993149, 38.993693, 38.994166, 38.994218, 38.994903)))"
24033800217,Census Tract 8002.17; Prince George's County; Maryland,B19013_001,106706,27550,"list(list(c(-76.859264, -76.857153, -76.854072, -76.851727, -76.848841, -76.849541, -76.849879, -76.847965, -76.847087, -76.847647, -76.845491, -76.843155, -76.84184, -76.840196, -76.839488, -76.839374, -76.838647, -76.842745, -76.846416, -76.850328, -76.850829, -76.850457, -76.852439, -76.853616, -76.853585, -76.859234, -76.861555, -76.859264, 39.051351, 39.053901, 39.055693, 39.054878, 39.058272, 39.058657, 39.060176, 39.062476, 39.066531, 39.067746, 39.068411, 39.070084, 39.06895, 39.066588, 39.063888, 
39.060181, 39.058711, 39.05013, 39.044152, 39.037058, 39.037249, 39.03871, 39.040681, 39.044163, 39.046922, 39.048529, 39.049497, 39.051351)))"
24033807500,Census Tract 8075; Prince George's County; Maryland,B19013_001,83816,11427,"list(list(c(-76.954763, -76.953214, -76.947483, -76.947594, -76.947734, -76.948393, -76.948519, -76.948631, -76.948499, -76.948481, -76.948302, -76.943895, -76.942611, -76.942637, -76.942811, -76.939439, -76.939736, -76.939906, -76.937038, -76.935659, -76.933999, -76.930179, -76.92939, -76.928749, -76.92861, -76.924982, -76.925196, -76.926222, -76.927449, -76.928511, -76.929325, -76.931687, -76.932858, -76.933748, -76.935783, -76.937876, -76.939174, -76.939683, -76.940305, -76.941818, -76.943561, 
-76.94559, -76.946516, -76.946611, -76.947058, -76.947537, -76.950031, -76.950994, -76.953251, -76.954038, -76.95635, -76.954763, 38.953261, 38.952949, 38.9533, 38.954831, 38.956759, 38.965887, 38.966057, 38.966133, 38.96631, 38.966431, 38.966428, 38.966108, 38.965869, 38.965726, 38.961419, 38.961511, 38.95947, 38.957967, 38.957932, 38.957896, 38.951599, 38.95207, 38.954203, 38.955176, 38.955441, 38.954386, 38.952479, 38.95108, 38.950163, 38.949017, 38.948016, 38.945072, 38.943923, 38.943246, 38.944092, 
38.944947, 38.945842, 38.945691, 38.945452, 38.944596, 38.943911, 38.944132, 38.944874, 38.944975, 38.945375, 38.945756, 38.946919, 38.947302, 38.948514, 38.948836, 38.949078, 38.953261)))"
24033800504,Census Tract 8005.04; Prince George's County; Maryland,B19013_001,145455,31165,"list(list(c(-76.744746, -76.741134, -76.741107, -76.741499, -76.737604, -76.731547, -76.728141, -76.727869, -76.725665, -76.719041, -76.713785, -76.709099, -76.705774, -76.705594, -76.704577, -76.703743, -76.702394, -76.700938, -76.698459, -76.698073, -76.698867, -76.702176, -76.702445, -76.701032, -76.701627, -76.704027, -76.703745, -76.702286, -76.699423, -76.699214, -76.698979, -76.696091, -76.695551, -76.694168, -76.693912, -76.714885, -76.717469, -76.71748, -76.717171, -76.722415, -76.72635, 
-76.727228, -76.733949, -76.736325, -76.737942, -76.743021, -76.743977, -76.744746, 38.971761, 38.976111, 38.976443, 38.97747, 38.978633, 38.980477, 38.982332, 38.982459, 38.983239, 38.984846, 38.986775, 38.986004, 38.988981, 38.988841, 38.988041, 38.987601, 38.986971, 38.985191, 38.983783, 38.982367, 38.981211, 38.979835, 38.97696, 38.976262, 38.973846, 38.972801, 38.971525, 38.970131, 38.969058, 38.96737, 38.962676, 38.959817, 38.959578, 38.956782, 38.955845, 38.955389, 38.955166, 38.9573, 38.963125, 
38.962721, 38.961517, 38.961477, 38.964125, 38.96393, 38.96391, 38.965112, 38.96683, 38.971761)))"
24033801004,Census Tract 8010.04; Prince George's County; Maryland,B19013_001,188269,46926,"list(list(c(-76.939318, -76.937827, -76.936574, -76.932898, -76.92996, -76.926953, -76.920865, -76.919595, -76.917695, -76.910094, -76.900798, -76.897564, -76.896148, -76.893746, -76.891925, -76.887873, -76.887725, -76.881511, -76.879202, -76.877941, -76.873766, -76.870181, -76.861038, -76.85999, -76.856283, -76.854703, -76.852891, -76.846539, -76.84528, -76.832819, -76.832621, -76.831247, -76.831044, -76.825831, -76.820773, -76.819576, -76.816574, -76.81037, -76.810542, -76.810416, -76.808136, -76.803791, 
-76.805173, -76.810131, -76.810782, -76.810276, -76.806754, -76.803181, -76.80281, -76.800023, -76.801931, -76.795448, -76.794645, -76.795645, -76.797239, -76.798583, -76.802907, -76.804355, -76.808011, -76.810757, -76.812349, -76.817172, -76.819189, -76.821031, -76.822436, -76.826289, -76.830679, -76.833936, -76.83501, -76.837467, -76.8376, -76.847712, -76.854784, -76.863739, -76.865488, -76.868828, -76.871352, -76.875936, -76.878679, -76.880559, -76.88281, -76.887347, -76.889241, -76.893887, -76.896963, 
-76.899016, -76.904545, -76.907325, -76.910091, -76.916157, -76.919131, -76.920797, -76.932701, -76.936248, -76.938659, -76.939318, 38.709355, 38.710452, 38.710305, 38.711673, 38.714009, 38.714967, 38.715171, 38.717914, 38.720214, 38.720914, 38.727967, 38.728817, 38.728012, 38.7274, 38.72991, 38.731093, 38.731452, 38.731249, 38.731443, 38.732497, 38.732598, 38.73414, 38.735311, 38.736473, 38.738008, 38.739958, 38.741148, 38.746196, 38.745584, 38.744418, 38.741486, 38.738791, 38.738533, 38.735444, 
38.739577, 38.740936, 38.745993, 38.756694, 38.754543, 38.751571, 38.750685, 38.74783, 38.746689, 38.745278, 38.744262, 38.742305, 38.73781, 38.735458, 38.735019, 38.733558, 38.72665, 38.722848, 38.719836, 38.719251, 38.716004, 38.714567, 38.712895, 38.712618, 38.710015, 38.709202, 38.707672, 38.706701, 38.70672, 38.708898, 38.709498, 38.70943, 38.708439, 38.708859, 38.708223, 38.71114, 38.713159, 38.696982, 38.697259, 38.695889, 38.696314, 38.699129, 38.700717, 38.701812, 38.702531, 38.703504, 38.704733, 
38.705802, 38.706478, 38.707327, 38.70713, 38.706524, 38.705911, 38.704014, 38.703395, 38.704428, 38.705808, 38.706941, 38.709037, 38.708951, 38.70783, 38.709355)))"
24033802406,Census Tract 8024.06; Prince George's County; Maryland,B19013_001,69148,15846,"list(list(c(-76.931292, -76.929944, -76.920438, -76.919687, -76.918858, -76.910866, -76.910348, -76.911803, -76.91857, -76.920015, -76.920259, -76.92271, -76.923356, -76.930325, -76.931897, -76.931292, 38.856274, 38.856481, 38.858691, 38.859572, 38.860243, 38.853475, 38.853162, 38.852757, 38.852064, 38.851705, 38.853311, 38.852793, 38.854277, 38.852407, 38.856169, 38.856274)))"
24033801309,Census Tract 8013.09; Prince George's County; Maryland,B19013_001,161847,22515,"list(list(c(-77.079948, -77.080802, -77.080724, -77.079868, -77.079563, -77.078062, -77.077108, -77.0742209400001, -77.074209, -77.073501, -77.071834, -77.065322, -77.0621909521188, -77.053199, -77.046196, -77.0433093055131, -77.043254, -77.0426219648947, -77.041487, -77.0415234613878, -77.033959, -77.030704, -77.030275, -77.021809, -77.020329, -77.015712, -77.012723, -77.008971, -77.004817, -77.004218, -77.005818, -77.010653, -77.01428, -77.015865, -77.016547, -77.01563, -77.011999, -77.006053, 
-76.99889, -76.997194, -76.990041, -76.989887, -76.98735, -76.98656, -76.989207, -76.990829, -76.992657, -76.993892, -76.995717, -76.996577, -76.998734, -77.000261, -77.001359, -77.004133, -77.029097, -77.043398, -77.059499, -77.078599, -77.0862651543298, -77.079948, 38.70901, 38.710308, 38.711277, 38.71208, 38.712835, 38.713427, 38.713091, 38.7126129769576, 38.712611, 38.711314, 38.710085, 38.709564, 38.7096546539476, 38.709915, 38.714431, 38.7189249023623, 38.719011, 38.7214786911101, 38.72591, 
38.7285340045407, 38.727155, 38.726562, 38.725889, 38.724369, 38.724442, 38.725957, 38.72544, 38.725543, 38.724926, 38.720046, 38.717962, 38.713263, 38.711143, 38.710759, 38.710709, 38.709015, 38.707517, 38.708294, 38.710956, 38.710533, 38.712606, 38.707678, 38.702045, 38.698656, 38.696045, 38.695384, 38.696186, 38.697638, 38.696607, 38.697378, 38.697177, 38.696444, 38.69702, 38.696351, 38.698114, 38.703614, 38.701914, 38.694114, 38.7060278469055, 38.70901)))"
24033800213,Census Tract 8002.13; Prince George's County; Maryland,B19013_001,96961,10487,"list(list(c(-76.876142, -76.875943, -76.87344, -76.868244, -76.865894, -76.865487, -76.857925, -76.857547, -76.857208, -76.857002, -76.854145, -76.850848, -76.848223, -76.847427, -76.848425, -76.849969, -76.852027, -76.854532, -76.860711, -76.865593, -76.866766, -76.868362, -76.866464, -76.865003, -76.866129, -76.865226, -76.867618, -76.868942, -76.869539, -76.871314, -76.87077, -76.874164, -76.872775, -76.87439, -76.875085, -76.876696, -76.876142, 39.090418, 39.091248, 39.090482, 39.09058, 39.090081, 
39.089834, 39.091137, 39.091472, 39.091763, 39.091928, 39.094353, 39.097223, 39.095523, 39.095304, 39.093506, 39.09044, 39.086941, 39.083113, 39.078767, 39.075539, 39.075951, 39.076247, 39.077974, 39.080339, 39.080662, 39.082932, 39.084153, 39.084561, 39.081297, 39.082243, 39.084378, 39.084995, 39.086023, 39.086791, 39.089047, 39.089245, 39.090418)))"
24033801213,Census Tract 8012.13; Prince George's County; Maryland,B19013_001,109934,36199,"list(list(c(-76.954514, -76.952613, -76.951006, -76.952079, -76.95123, -76.949677, -76.948913, -76.94552, -76.944273, -76.939873, -76.938454, -76.937216, -76.935796, -76.932134, -76.929406, -76.925572, -76.924719, -76.923922, -76.924941, -76.924892, -76.927969, -76.934055, -76.935252, -76.937148, -76.938595, -76.940271, -76.93988, -76.942091, -76.949358, -76.954186, -76.955179, -76.954514, 38.763318, 38.769143, 38.773562, 38.776531, 38.777069, 38.77841, 38.779036, 38.78122, 38.781919, 38.785477, 
38.787734, 38.78907, 38.7902, 38.787112, 38.788298, 38.78726, 38.786035, 38.780864, 38.779106, 38.776335, 38.773183, 38.769618, 38.76825, 38.766825, 38.766096, 38.761618, 38.759741, 38.758737, 38.761417, 38.761883, 38.762518, 38.763318)))"
24033801212,Census Tract 8012.12; Prince George's County; Maryland,B19013_001,131923,22609,"list(list(c(-76.932495, -76.928592, -76.927428, -76.921345, -76.916778, -76.915395, -76.913299, -76.910383, -76.905789, -76.903657, -76.901628, -76.903825, -76.904794, -76.906809, -76.907244, -76.908665, -76.914067, -76.91562, -76.918814, -76.922093, -76.922402, -76.923922, -76.924719, -76.925572, -76.929406, -76.932134, -76.935796, -76.932495, 38.791279, 38.793326, 38.793574, 38.792756, 38.793961, 38.795811, 38.798229, 38.800589, 38.804961, 38.801874, 38.798944, 38.794604, 38.790713, 38.789627, 
38.789354, 38.7884, 38.787096, 38.785906, 38.785908, 38.784551, 38.782852, 38.780864, 38.786035, 38.78726, 38.788298, 38.787112, 38.7902, 38.791279)))"
24033805909,Census Tract 8059.09; Prince George's County; Maryland,B19013_001,84063,22943,"list(list(c(-76.967692, -76.966669, -76.965794, -76.964485, -76.964011, -76.965641, -76.965642, -76.96213, -76.96167, -76.963836, -76.964185, -76.964285, -76.956857, -76.955712, -76.95566, -76.955386, -76.955317, -76.955033, -76.954932, -76.954785, -76.95463, -76.95421, -76.953425, -76.953757, -76.957455, -76.958289, -76.958893, -76.96051, -76.961374, -76.961609, -76.960459, -76.960804, -76.961353, -76.962257, -76.96235, -76.965426, -76.968628, -76.967692, 38.968605, 38.968612, 38.969675, 38.970846, 
38.974289, 38.976595, 38.977655, 38.979927, 38.981468, 38.982075, 38.984783, 38.984892, 38.985751, 38.98565, 38.985418, 38.984073, 38.983754, 38.982416, 38.981684, 38.981691, 38.980104, 38.978809, 38.977425, 38.977104, 38.976356, 38.975593, 38.974661, 38.97322, 38.973118, 38.971042, 38.970339, 38.969905, 38.967627, 38.96778, 38.967097, 38.96728, 38.967862, 38.968605)))"
24033800408,Census Tract 8004.08; Prince George's County; Maryland,B19013_001,136557,45226,"list(list(c(-76.838664, -76.831657, -76.823646, -76.819049, -76.81626, -76.800738, -76.800051, -76.79701, -76.79438, -76.791959, -76.791575, -76.791316, -76.791127, -76.79021, -76.788796, -76.788064, -76.787486, -76.787129, -76.785268, -76.79143, -76.792986, -76.794496, -76.797705, -76.806094, -76.808802, -76.8095, -76.813094, -76.819533, -76.820478, -76.820379, -76.823185, -76.825522, -76.826386, -76.826418, -76.82476, -76.824491, -76.828641, -76.832896, -76.834826, -76.838664, 38.975585, 38.979285, 
38.983472, 38.985875, 38.987299, 38.995526, 38.994087, 38.988327, 38.98472, 38.982213, 38.981564, 38.980911, 38.980219, 38.977199, 38.975644, 38.975058, 38.973912, 38.973243, 38.971659, 38.966841, 38.965167, 38.963375, 38.961084, 38.957264, 38.956711, 38.956821, 38.957025, 38.956378, 38.956313, 38.958183, 38.962055, 38.963224, 38.966675, 38.967075, 38.969756, 38.972645, 38.972397, 38.972908, 38.974181, 38.975585)))"
24033803524,Census Tract 8035.24; Prince George's County; Maryland,B19013_001,104569,11379,"list(list(c(-76.894421, -76.892085, -76.890142, -76.88477, -76.881062, -76.878816, -76.879173, -76.880279, -76.878629, -76.875256, -76.874, -76.868714, -76.865759, -76.860993, -76.856348, -76.855891, -76.857044, -76.857508, -76.861217, -76.866024, -76.866165, -76.869049, -76.87216, -76.876114, -76.876669, -76.878871, -76.88191, -76.884518, -76.886728, -76.892542, -76.894421, 38.907574, 38.909581, 38.910098, 38.912784, 38.912829, 38.912808, 38.911766, 38.911083, 38.907291, 38.906443, 38.903896, 38.906412, 
38.905152, 38.905195, 38.906458, 38.905376, 38.899471, 38.899215, 38.900955, 38.89993, 38.900726, 38.900801, 38.899771, 38.898958, 38.895595, 38.894709, 38.896903, 38.901012, 38.902136, 38.905121, 38.907574)))"
24033803602,Census Tract 8036.02; Prince George's County; Maryland,B19013_001,76006,6564,"list(list(c(-76.88534, -76.88257, -76.882579, -76.880027, -76.878118, -76.876816, -76.876125, -76.869141, -76.865382, -76.864894, -76.858502, -76.857004, -76.856038, -76.85543, -76.855037, -76.856615, -76.86022, -76.860687, -76.860602, -76.860973, -76.864011, -76.864919, -76.867608, -76.868454, -76.869666, -76.870548, -76.872134, -76.882575, -76.88412, -76.88534, 38.936892, 38.93931, 38.939778, 38.941458, 38.942862, 38.944048, 38.944619, 38.951102, 38.956203, 38.956852, 38.945544, 38.942377, 38.939447, 
38.936462, 38.933103, 38.932439, 38.931855, 38.931273, 38.932528, 38.933176, 38.934464, 38.933875, 38.932184, 38.932972, 38.935075, 38.935518, 38.936907, 38.935831, 38.9363, 38.936892)))"
24033800800,Census Tract 8008; Prince George's County; Maryland,B19013_001,187500,25572,"list(list(c(-76.813606, -76.813131, -76.810929, -76.808431, -76.808457, -76.801367, -76.799736, -76.796766, -76.795033, -76.793735, -76.793845, -76.793024, -76.7897, -76.788007, -76.790611, -76.792085, -76.795645, -76.794645, -76.795448, -76.801931, -76.800023, -76.80281, -76.803181, -76.806754, -76.810276, -76.810782, -76.810131, -76.805173, -76.803791, -76.79852, -76.797425, -76.796931, -76.795212, -76.792414, -76.790409, -76.786243, -76.782996, -76.777577, -76.77083, -76.768336, -76.766311, -76.763849, 
-76.764462, -76.762939, -76.755257, -76.756306, -76.753117, -76.750615, -76.745138, -76.737765, -76.735663, -76.72887, -76.723661, -76.719363, -76.717565, -76.717478, -76.714317, -76.714017, -76.712548, -76.708192, -76.700947, -76.700078, -76.699271, -76.697273, -76.696374, -76.694377, -76.686358, -76.684866, -76.684839, -76.684018, -76.684632, -76.687009, -76.693841, -76.694996, -76.695706, -76.695555, -76.6937, -76.693589, -76.699145, -76.701208, -76.70196, -76.700997, -76.697743, -76.695988, -76.694946, 
-76.694983, -76.696008, -76.697932, -76.698525, -76.698429, -76.697431, -76.69549, -76.691947, -76.687147, -76.686982, -76.687424, -76.690461, -76.692956, -76.699261, -76.700667, -76.701003, -76.699261, -76.697173, -76.694236, -76.690951, -76.68737, -76.684923, -76.683329, -76.683186, -76.684304, -76.685127, -76.69163, -76.692124, -76.692166, -76.693484, -76.694202, -76.698048, -76.702693, -76.706892, -76.716397, -76.716212, -76.717833, -76.720102, -76.722083, -76.724248, -76.729663, -76.733448, 
-76.735555, -76.745457, -76.748103, -76.750375, -76.752284, -76.757424, -76.760016, -76.763032, -76.765526, -76.767971, -76.770348, -76.771789, -76.774485, -76.777524, -76.781396, -76.787079, -76.789603, -76.796198, -76.799326, -76.80183, -76.806121, -76.809535, -76.815775, -76.813606, 38.686114, 38.687815, 38.69071, 38.692445, 38.696749, 38.698271, 38.699012, 38.698684, 38.6996, 38.701983, 38.703683, 38.70487, 38.70726, 38.710622, 38.711282, 38.712975, 38.719251, 38.719836, 38.722848, 38.72665, 
38.733558, 38.735019, 38.735458, 38.73781, 38.742305, 38.744262, 38.745278, 38.746689, 38.74783, 38.749949, 38.748834, 38.747721, 38.746652, 38.746551, 38.74549, 38.744909, 38.743292, 38.743981, 38.747099, 38.749604, 38.750604, 38.752777, 38.754888, 38.757342, 38.76413, 38.767175, 38.771698, 38.771952, 38.774363, 38.775861, 38.775307, 38.775818, 38.778418, 38.781289, 38.779503, 38.777625, 38.778226, 38.776896, 38.77491, 38.773157, 38.768747, 38.766189, 38.75341, 38.750115, 38.749426, 38.748883, 38.748475, 
38.746927, 38.743757, 38.738348, 38.737158, 38.735897, 38.735911, 38.735075, 38.733175, 38.731544, 38.72707, 38.724761, 38.715681, 38.712755, 38.710864, 38.709244, 38.70703, 38.704985, 38.702468, 38.700307, 38.697783, 38.694782, 38.692243, 38.690443, 38.687797, 38.685781, 38.683765, 38.681371, 38.680634, 38.678746, 38.673683, 38.672353, 38.671109, 38.670131, 38.668362, 38.665769, 38.664663, 38.663841, 38.664029, 38.663793, 38.663027, 38.661178, 38.658813, 38.656485, 38.654771, 38.648506, 38.646603, 
38.643198, 38.644012, 38.643256, 38.642248, 38.643732, 38.644077, 38.643674, 38.646726, 38.64774, 38.647974, 38.649085, 38.651095, 38.652828, 38.653599, 38.654748, 38.65878, 38.661802, 38.662496, 38.662482, 38.663758, 38.66396, 38.662318, 38.66165, 38.661491, 38.662065, 38.660382, 38.659172, 38.659613, 38.663019, 38.666089, 38.66842, 38.671392, 38.67391, 38.675214, 38.676414, 38.677839, 38.68388, 38.686114)))"
24033807408,Census Tract 8074.08; Prince George's County; Maryland,B19013_001,110550,8886,"list(list(c(-76.930883, -76.928911, -76.926803, -76.92375, -76.921197, -76.914828, -76.912505, -76.911926, -76.897174, -76.89173, -76.890502, -76.889593, -76.886102, -76.885709, -76.885709, -76.887189, -76.887835, -76.889027, -76.886884, -76.886305, -76.883847, -76.881074, -76.880937, -76.883051, -76.883778, -76.885034, -76.884083, -76.88124, -76.871571, -76.869491, -76.866947, -76.866081, -76.862921, -76.854072, -76.857153, -76.859264, -76.861555, -76.859234, -76.853585, -76.853616, -76.852439, 
-76.850457, -76.850829, -76.850328, -76.852251, -76.858523, -76.860465, -76.863121, -76.871035, -76.873666, -76.872859, -76.87485, -76.875534, -76.880831, -76.884734, -76.889923, -76.891295, -76.89227, -76.895228, -76.895471, -76.898811, -76.901694, -76.905779, -76.907922, -76.90859, -76.908745, -76.907742, -76.90707, -76.905757, -76.901405, -76.901375, -76.898598, -76.898695, -76.895375, -76.894288, -76.890726, -76.895182, -76.897159, -76.900133, -76.904617, -76.908133, -76.914586, -76.918965, -76.924207, 
-76.925935, -76.929696, -76.930883, 39.050734, 39.055166, 39.057916, 39.06009, 39.061076, 39.063535, 39.064949, 39.065406, 39.085384, 39.0831, 39.081646, 39.080517, 39.077233, 39.076188, 39.074969, 39.072255, 39.07019, 39.067696, 39.0678, 39.067794, 39.067309, 39.065533, 39.065356, 39.063946, 39.063357, 39.062108, 39.061714, 39.059901, 39.056535, 39.056273, 39.056477, 39.056346, 39.055667, 39.055693, 39.053901, 39.051351, 39.049497, 39.048529, 39.046922, 39.044163, 39.040681, 39.03871, 39.037249, 
39.037058, 39.033345, 39.019895, 39.01468, 39.007224, 39.006951, 39.007252, 39.005002, 39.004138, 39.004537, 39.005891, 39.006107, 39.005396, 39.005744, 39.006165, 39.002662, 39.002931, 39.006767, 39.009887, 39.012985, 39.014476, 39.014932, 39.015038, 39.017628, 39.023087, 39.023046, 39.023051, 39.028715, 39.033473, 39.040829, 39.043065, 39.045332, 39.048755, 39.050594, 39.050518, 39.054293, 39.057813, 39.056133, 39.055244, 39.053331, 39.052411, 39.051611, 39.051075, 39.050734)))"
24033801500,Census Tract 8015; Prince George's County; Maryland,B19013_001,100366,24029,"list(list(c(-77.0375797152565, -77.0218676042471, -77.0204994524185, -77.015561863547, -77.0046785080769, -77.0017416880844, -77.0014918209193, -77.0014810762983, -76.999779, -76.999114, -76.998745, -76.998101, -76.996198, -76.994309, -76.992956, -76.992547, -76.99241, -76.991626, -76.990973, -76.99052, -76.990468, -76.99353, -76.99534, -76.999023, -77.002835, -77.012772, -77.01497, -77.023056, -77.025577, -77.0375797152565, 38.792777714848, 38.8052558273112, 38.8063423746487, 38.8102636675418, 38.8189069194544, 
38.8212392585097, 38.821437695918, 38.821446228991, 38.818715, 38.817094, 38.81543, 38.815365, 38.814989, 38.813722, 38.811905, 38.811301, 38.811043, 38.809931, 38.808877, 38.807295, 38.806366, 38.805893, 38.80526, 38.803382, 38.801405, 38.796426, 38.795514, 38.793525, 38.793198, 38.792777714848)))"
24033805201,Census Tract 8052.01; Prince George's County; Maryland,B19013_001,80498,22470,"list(list(c(-77.0025892201687, -77.00016, -76.998446, -76.997074, -76.992553, -76.990917, -76.987956, -76.990901, -76.99341, -76.9973644902135, -76.9974927103214, -76.9991240258307, -77.0016499141653, -77.002498, -77.0025892201687, 38.9654839197919, 38.968744, 38.971048, 38.971135, 38.970088, 38.968662, 38.966415, 38.963685, 38.962443, 38.9614420060775, 38.9615411149971, 38.962802055425, 38.9647544642014, 38.96541, 38.9654839197919)))"
24033802804,Census Tract 8028.04; Prince George's County; Maryland,B19013_001,73940,12714,"list(list(c(-76.89815, -76.892704, -76.888319, -76.884143, -76.879005, -76.877269, -76.862716, -76.862662, -76.85884, -76.858567, -76.856839, -76.860013, -76.864099, -76.86728, -76.878064, -76.879355, -76.880771, -76.883511, -76.885118, -76.88668, -76.888062, -76.889783, -76.891254, -76.892747, -76.892967, -76.893059, -76.893104, -76.893933, -76.894271, -76.894304, -76.89597, -76.896339, -76.898081, -76.89815, 38.886914, 38.887494, 38.887734, 38.887722, 38.888532, 38.88868, 38.889812, 38.889606, 
38.880085, 38.878826, 38.87308, 38.874708, 38.875797, 38.875923, 38.875459, 38.875091, 38.874323, 38.872092, 38.871294, 38.870792, 38.87046, 38.869858, 38.868675, 38.867807, 38.868246, 38.868431, 38.868521, 38.869999, 38.870936, 38.871059, 38.877672, 38.879287, 38.886712, 38.886914)))"
24033802405,Census Tract 8024.05; Prince George's County; Maryland,B19013_001,70286,20758,"list(list(c(-76.956543, -76.953105, -76.952453, -76.949967, -76.94695, -76.940071, -76.933975, -76.932873, -76.928222, -76.924859, -76.918858, -76.919687, -76.920438, -76.929944, -76.931292, -76.931897, -76.930325, -76.930899, -76.924773, -76.926944, -76.928864, -76.932154, -76.933418, -76.942656, -76.946023, -76.948785, -76.953179, -76.956012, -76.95607, -76.956543, 38.853169, 38.854821, 38.856226, 38.858618, 38.860497, 38.862845, 38.864581, 38.86496, 38.865812, 38.864728, 38.860243, 38.859572, 
38.858691, 38.856481, 38.856274, 38.856169, 38.852407, 38.852091, 38.848837, 38.846504, 38.844509, 38.842899, 38.844266, 38.847552, 38.850048, 38.851425, 38.852342, 38.852319, 38.8524, 38.853169)))"
24033803519,Census Tract 8035.19; Prince George's County; Maryland,B19013_001,97031,22592,"list(list(c(-76.878871, -76.876669, -76.876114, -76.87216, -76.869049, -76.866165, -76.866024, -76.861217, -76.857508, -76.857044, -76.855891, -76.856348, -76.852942, -76.849979, -76.850635, -76.850681, -76.850537, -76.847371, -76.847344, -76.851369, -76.853552, -76.862716, -76.877269, -76.877289, -76.878672, -76.878871, 38.894709, 38.895595, 38.898958, 38.899771, 38.900801, 38.900726, 38.89993, 38.900955, 38.899215, 38.899471, 38.905376, 38.906458, 38.907278, 38.907025, 38.903763, 38.90176, 38.900673, 
38.892233, 38.892164, 38.891031, 38.890731, 38.889812, 38.88868, 38.888768, 38.894258, 38.894709)))"
24033803605,Census Tract 8036.05; Prince George's County; Maryland,B19013_001,113429,4660,"list(list(c(-76.905318, -76.904663, -76.899368, -76.899087, -76.897117, -76.893413, -76.891357, -76.889037, -76.888905, -76.888745, -76.888574, -76.888159, -76.887191, -76.881706, -76.877316, -76.875002, -76.874115, -76.873537, -76.870565, -76.869789, -76.869096, -76.868, -76.866849, -76.866253, -76.866037, -76.867934, -76.869223, -76.869513, -76.871429, -76.873794, -76.878511, -76.88046, -76.884304, -76.884133, -76.884699, -76.889587, -76.892908, -76.895014, -76.896148, -76.896502, -76.896839, -76.898694, 
-76.900479, -76.901123, -76.903121, -76.905545, -76.905318, 38.9633, 38.96471, 38.972019, 38.972509, 38.972554, 38.972291, 38.972526, 38.973132, 38.9732, 38.9733, 38.973426, 38.973742, 38.974411, 38.975445, 38.976997, 38.977525, 38.97793, 38.978248, 38.974549, 38.97312, 38.971416, 38.967044, 38.962454, 38.960192, 38.959659, 38.958654, 38.957917, 38.961256, 38.96397, 38.965999, 38.966406, 38.965575, 38.965893, 38.966121, 38.966187, 38.967487, 38.966758, 38.965647, 38.965108, 38.96519, 38.964394, 38.964246, 
38.963234, 38.962821, 38.961395, 38.961212, 38.9633)))"
24033800216,Census Tract 8002.16; Prince George's County; Maryland,B19013_001,148155,20425,"list(list(c(-76.885034, -76.883778, -76.883051, -76.880937, -76.876693, -76.867394, -76.865098, -76.864351, -76.860729, -76.858791, -76.855095, -76.854666, -76.84903, -76.847647, -76.847087, -76.847965, -76.849879, -76.849541, -76.848841, -76.851727, -76.854072, -76.862921, -76.866081, -76.866947, -76.869491, -76.871571, -76.88124, -76.884083, -76.885034, 39.062108, 39.063357, 39.063946, 39.065356, 39.068175, 39.069365, 39.061087, 39.060779, 39.063383, 39.063723, 39.06558, 39.065687, 39.066999, 39.067746, 
39.066531, 39.062476, 39.060176, 39.058657, 39.058272, 39.054878, 39.055693, 39.055667, 39.056346, 39.056477, 39.056273, 39.056535, 39.059901, 39.061714, 39.062108)))"
24033801217,Census Tract 8012.17; Prince George's County; Maryland,B19013_001,146250,40170,"list(list(c(-76.918695, -76.915565, -76.91402, -76.913002, -76.909233, -76.907105, -76.900252, -76.895343, -76.891929, -76.887113, -76.884803, -76.879665, -76.879045, -76.879206, -76.879459, -76.882485, -76.885823, -76.889891, -76.895017, -76.895347, -76.898093, -76.906996, -76.914382, -76.913894, -76.914577, -76.917473, -76.918695, 38.767043, 38.767415, 38.768218, 38.768553, 38.768441, 38.769038, 38.77283, 38.775791, 38.776957, 38.774807, 38.768312, 38.758866, 38.757102, 38.752103, 38.75045, 38.751092, 
38.753521, 38.755217, 38.756599, 38.759021, 38.765252, 38.763712, 38.761602, 38.765012, 38.767187, 38.7667, 38.767043)))"
24033801310,Census Tract 8013.10; Prince George's County; Maryland,B19013_001,152986,31349,"list(list(c(-77.052248, -77.04696, -77.042904, -77.019608, -77.011802, -76.995132, -76.990322, -76.98495, -76.981679, -76.980815, -76.97925, -76.977072, -76.974415, -76.972198, -76.971395, -76.966942, -76.965487, -76.952584, -76.947726, -76.939201, -76.936584, -76.934949, -76.931537, -76.928885, -76.928302, -76.927494, -76.924824, -76.917611, -76.916641, -76.915015, -76.915394, -76.914242, -76.913423, -76.913516, -76.916836, -76.918818, -76.927482, -76.930629, -76.935532, -76.9367, -76.939555, -76.943633, 
-76.946595, -76.949768, -76.954501, -76.958523, -76.95948, -76.965748, -76.967371, -76.970432, -76.971061, -76.972431, -76.976824, -76.98472, -76.989446, -76.991308, -76.998596, -77.001531, -77.005249, -77.011028, -77.013218, -77.018742, -77.020089, -77.021116, -77.02113, -77.022372, -77.024798, -77.026348, -77.027138, -77.028737, -77.031249, -77.032487, -77.034761, -77.036221, -77.038273, -77.03934, -77.039997, -77.043097, -77.046219, -77.045976, -77.047329, -77.04781, -77.050198, -77.055731, -77.052248, 
38.637397, 38.640733, 38.643753, 38.663704, 38.670321, 38.685297, 38.686098, 38.686504, 38.688336, 38.687793, 38.683845, 38.680234, 38.678086, 38.673394, 38.673655, 38.674201, 38.673692, 38.672524, 38.674044, 38.678114, 38.672593, 38.67019, 38.670218, 38.668735, 38.665847, 38.664513, 38.663446, 38.663579, 38.663304, 38.660323, 38.659373, 38.657507, 38.655001, 38.652928, 38.652498, 38.653523, 38.65485, 38.65409, 38.655244, 38.654924, 38.654589, 38.656901, 38.658934, 38.658497, 38.658458, 38.65892, 
38.659484, 38.66127, 38.661002, 38.66046, 38.659471, 38.658456, 38.658688, 38.657572, 38.656447, 38.657129, 38.654664, 38.654715, 38.65274, 38.651975, 38.650636, 38.648511, 38.647596, 38.646444, 38.645126, 38.64206, 38.640477, 38.638597, 38.63484, 38.63367, 38.633215, 38.632107, 38.631572, 38.630567, 38.630006, 38.628797, 38.625964, 38.622498, 38.620155, 38.618784, 38.617081, 38.616171, 38.620717, 38.635481, 38.637397)))"
24033801407,Census Tract 8014.07; Prince George's County; Maryland,B19013_001,142731,18875,"list(list(c(-76.969241, -76.964961, -76.96314, -76.954424, -76.953475, -76.952999, -76.948239, -76.945452, -76.942754, -76.942071, -76.940138, -76.931755, -76.929018, -76.927893, -76.92726, -76.928592, -76.932495, -76.935796, -76.937216, -76.938454, -76.939873, -76.944273, -76.94552, -76.948913, -76.949677, -76.95123, -76.952079, -76.95372, -76.957611, -76.961944, -76.964559, -76.966324, -76.967827, -76.971386, -76.969241, 38.791785, 38.792751, 38.793726, 38.794558, 38.796466, 38.797236, 38.799338, 
38.802262, 38.801123, 38.800827, 38.800166, 38.800286, 38.800917, 38.800316, 38.799274, 38.793326, 38.791279, 38.7902, 38.78907, 38.787734, 38.785477, 38.781919, 38.78122, 38.779036, 38.77841, 38.777069, 38.776531, 38.775797, 38.775402, 38.779069, 38.780467, 38.784544, 38.786425, 38.79041, 38.791785)))"
24033800210,Census Tract 8002.10; Prince George's County; Maryland,B19013_001,79306,11965,"list(list(c(-76.860711, -76.859189, -76.856594, -76.853956, -76.851208, -76.848159, -76.848568, -76.848665, -76.848639, -76.847862, -76.853643, -76.85523, -76.855753, -76.856408, -76.858808, -76.865593, -76.860711, 39.078767, 39.078732, 39.080747, 39.081297, 39.081308, 39.08036, 39.078097, 39.077266, 39.075718, 39.073663, 39.073531, 39.073506, 39.073508, 39.073503, 39.073265, 39.075539, 39.078767)))"
24033802301,Census Tract 8023.01; Prince George's County; Maryland,B19013_001,119088,38757,"list(list(c(-76.903593, -76.902422, -76.900864, -76.897772, -76.897643, -76.898448, -76.898518, -76.898716, -76.898782, -76.898947, -76.894504, -76.891418, -76.889979, -76.887797, -76.883137, -76.882949, -76.882891, -76.880834, -76.88111, -76.877847, -76.878367, -76.881126, -76.88446, -76.884391, -76.889126, -76.889738, -76.89051, -76.895835, -76.89694, -76.897882, -76.900154, -76.900767, -76.902108, -76.902645, -76.903593, 38.864165, 38.863471, 38.862495, 38.863467, 38.86299, 38.861294, 38.861131, 
38.860437, 38.85984, 38.857819, 38.859273, 38.860205, 38.860387, 38.860865, 38.862223, 38.862562, 38.862071, 38.859984, 38.859951, 38.857895, 38.857251, 38.854012, 38.854501, 38.853056, 38.852763, 38.85121, 38.851522, 38.852779, 38.853293, 38.853771, 38.854928, 38.856342, 38.858859, 38.861063, 38.864165)))"
24033803601,Census Tract 8036.01; Prince George's County; Maryland,B19013_001,111759,5155,"list(list(c(-76.858502, -76.854056, -76.839075, -76.839076, -76.839947, -76.838502, -76.835881, -76.833225, -76.834804, -76.836458, -76.837952, -76.838659, -76.841324, -76.84571, -76.847446, -76.848504, -76.84986, -76.854741, -76.85502, -76.855037, -76.85543, -76.856038, -76.857004, -76.858502, 38.945544, 38.945907, 38.947108, 38.946864, 38.94501, 38.943585, 38.938707, 38.935867, 38.936008, 38.935267, 38.934494, 38.934805, 38.93598, 38.936461, 38.936599, 38.931189, 38.930602, 38.930647, 38.932968, 
38.933103, 38.936462, 38.939447, 38.942377, 38.945544)))"
24033803001,Census Tract 8030.01; Prince George's County; Maryland,B19013_001,77813,33009,"list(list(c(-76.9234510631941, -76.916309, -76.911517, -76.906726, -76.901952, -76.900301, -76.899522, -76.9005, -76.91069, -76.910344, -76.9121, -76.912371, -76.912728, -76.9128689511191, -76.9134133749321, -76.9199019174646, -76.9234510631941, 38.9040230516873, 38.905086, 38.905722, 38.906406, 38.907467, 38.903593, 38.903353, 38.902198, 38.89964, 38.898645, 38.896813, 38.896936, 38.895898, 38.8955828075168, 38.8960170374589, 38.9011922692933, 38.9040230516873)))"
24033800608,Census Tract 8006.08; Prince George's County; Maryland,B19013_001,196833,30834,"list(list(c(-76.773782, -76.769991, -76.766997, -76.765864, -76.765576, -76.767131, -76.770361, -76.76948, -76.771096, -76.770851, -76.768702, -76.76611, -76.763825, -76.759675, -76.753995, -76.748676, -76.747832, -76.74551, -76.744834, -76.736663, -76.731523, -76.725221, -76.725813, -76.726999, -76.727722, -76.730059, -76.731458, -76.734329, -76.734803, -76.735266, -76.735493, -76.736073, -76.738401, -76.742371, -76.742072, -76.741972, -76.74396, -76.744566, -76.744568, -76.744689, -76.74506, -76.748047, 
-76.748208, -76.746063, -76.746137, -76.746685, -76.751864, -76.752441, -76.750318, -76.758201, -76.759821, -76.760146, -76.766235, -76.770883, -76.771549, -76.773644, -76.77372, -76.776306, -76.773782, 38.866232, 38.865137, 38.866979, 38.868351, 38.870301, 38.871347, 38.871368, 38.873523, 38.874429, 38.877624, 38.877629, 38.875894, 38.87527, 38.875184, 38.874496, 38.873869, 38.871748, 38.867778, 38.867169, 38.864948, 38.86136, 38.859504, 38.856862, 38.843636, 38.841043, 38.836264, 38.831057, 38.826958, 
38.826192, 38.825294, 38.824722, 38.822775, 38.813804, 38.81364, 38.813981, 38.814962, 38.820805, 38.823051, 38.823932, 38.829404, 38.831239, 38.834842, 38.836014, 38.842753, 38.844259, 38.845157, 38.850845, 38.852504, 38.861313, 38.861568, 38.860557, 38.857955, 38.856406, 38.856466, 38.857764, 38.860244, 38.860347, 38.865606, 38.866232)))"
24033801210,Census Tract 8012.10; Prince George's County; Maryland,B19013_001,92939,22281,"list(list(c(-76.93988, -76.940271, -76.938595, -76.937148, -76.935252, -76.934055, -76.927969, -76.924892, -76.924941, -76.923922, -76.923696, -76.91292, -76.91071, -76.910979, -76.905705, -76.90403, -76.899835, -76.900252, -76.907105, -76.909233, -76.913002, -76.91402, -76.915565, -76.918695, -76.921872, -76.926148, -76.923607, -76.919124, -76.923904, -76.927123, -76.9337, -76.936801, -76.942091, -76.93988, 38.759741, 38.761618, 38.766096, 38.766825, 38.76825, 38.769618, 38.773183, 38.776335, 38.779106, 
38.780864, 38.77897, 38.782515, 38.780614, 38.779026, 38.780031, 38.777495, 38.777936, 38.77283, 38.769038, 38.768441, 38.768553, 38.768218, 38.767415, 38.767043, 38.764807, 38.763432, 38.761175, 38.7555, 38.754417, 38.751984, 38.755207, 38.75616, 38.758737, 38.759741)))"
24033980000,Census Tract 9800; Prince George's County; Maryland,B19013_001,24919,11915,"list(list(c(-76.965351, -76.958713, -76.957535, -76.955418, -76.950102, -76.949484, -76.951822, -76.953255, -76.948222, -76.9461, -76.945082, -76.944744, -76.944575, -76.944049, -76.943707, -76.943091, -76.942869, -76.941879, -76.936925, -76.93761, -76.940602, -76.940691, -76.936968, -76.936229, -76.932622, -76.933208, -76.935627, -76.935656, -76.934652, -76.937148, -76.933957, -76.930922, -76.929032, -76.926148, -76.928691, -76.928865, -76.937964, -76.940041, -76.944433, -76.94769, -76.948873, -76.951468, 
-76.955712, -76.956739, -76.956739, -76.960868, -76.962439, -76.965351, 39.002425, 39.003169, 39.003101, 39.005237, 39.006656, 39.006089, 39.004915, 39.002794, 39.001531, 39.001154, 39.000938, 39.000898, 39.001176, 39.001484, 39.001768, 39.003536, 39.003904, 39.005527, 39.004563, 39.001365, 39.001099, 39.000248, 38.999603, 38.999484, 38.998669, 38.997093, 38.992586, 38.991039, 38.989607, 38.98555, 38.985194, 38.983187, 38.984212, 38.984265, 38.978149, 38.978816, 38.977689, 38.978233, 38.981094, 38.982382, 
38.984825, 38.984729, 38.98565, 38.987863, 38.991389, 38.994826, 38.998922, 39.002425)))"
24033800606,Census Tract 8006.06; Prince George's County; Maryland,B19013_001,109387,23077,"list(list(c(-76.775241, -76.772636, -76.771717, -76.767092, -76.76578, -76.766761, -76.763985, -76.76005, -76.759331, -76.756596, -76.752753, -76.75211, -76.751569, -76.750791, -76.749487, -76.747702, -76.749705, -76.751746, -76.754624, -76.756461, -76.760841, -76.762161, -76.76366, -76.766258, -76.768904, -76.769401, -76.770186, -76.771054, -76.772463, -76.773599, -76.775241, 38.839621, 38.839672, 38.839519, 38.838052, 38.836144, 38.833475, 38.833614, 38.832062, 38.828812, 38.828801, 38.825104, 
38.824678, 38.824436, 38.823018, 38.821868, 38.821735, 38.821662, 38.820977, 38.821812, 38.820725, 38.819463, 38.819605, 38.819222, 38.821436, 38.825232, 38.82602, 38.827402, 38.831138, 38.835517, 38.838099, 38.839621)))"
24033801410,Census Tract 8014.10; Prince George's County; Maryland,B19013_001,175909,28330,"list(list(c(-77.041597972585, -77.033327, -77.027896, -77.027383, -77.028256, -77.027712, -77.024923, -77.025228, -77.022662, -77.016291, -77.015816, -77.016082, -77.017199, -77.016723, -77.012359, -77.00471, -77.004234, -77.001671, -77.000781, -77.001933, -77.004719, -77.007315, -77.00881, -77.011435, -77.014407, -77.033527, -77.042080963257, -77.041597972585, 38.7597884037574, 38.75967, 38.759783, 38.763117, 38.764697, 38.764196, 38.764891, 38.767875, 38.769912, 38.771941, 38.767536, 38.765377, 
38.764683, 38.75906, 38.760723, 38.761035, 38.760558, 38.759339, 38.757636, 38.75559, 38.754536, 38.75275, 38.748772, 38.747227, 38.746124, 38.746538, 38.7467231797332, 38.7597884037574)))"
24033804300,Census Tract 8043; Prince George's County; Maryland,B19013_001,79375,14172,"list(list(c(-76.9419204562069, -76.940231, -76.938507, -76.938614, -76.939381, -76.938594, -76.93606, -76.933557, -76.933382, -76.930328, -76.931292, -76.928514, -76.928088, -76.926914, -76.925547, -76.91821, -76.918071, -76.915843, -76.915833, -76.914357, -76.916064, -76.917023, -76.918034, -76.919714, -76.924495, -76.925794, -76.929471, -76.925449, -76.924129, -76.92358, -76.923564, -76.924697, -76.929688, -76.931724405319, -76.935096, -76.9414445041825, -76.9419204562069, 38.9185860266153, 38.919932, 
38.922754, 38.924422, 38.931436, 38.933008, 38.933043, 38.934538, 38.935035, 38.936324, 38.936938, 38.937534, 38.939315, 38.939001, 38.938623, 38.939323, 38.939345, 38.939386, 38.939488, 38.939158, 38.936288, 38.935238, 38.934432, 38.933467, 38.93132, 38.930272, 38.925489, 38.921085, 38.919464, 38.917913, 38.916783, 38.91323, 38.911565, 38.9106218315098, 38.913311, 38.918218135091, 38.9185860266153)))"
24033800900,Census Tract 8009; Prince George's County; Maryland,B19013_001,135313,53330,"list(list(c(-76.814098, -76.811121, -76.809972, -76.807853, -76.806324, -76.806126, -76.806316, -76.807672, -76.805426, -76.797611, -76.791781, -76.787079, -76.781396, -76.777524, -76.774485, -76.771789, -76.770348, -76.767971, -76.765526, -76.763032, -76.760016, -76.757424, -76.752284, -76.750375, -76.748103, -76.745457, -76.735555, -76.733448, -76.729663, -76.724248, -76.722083, -76.720102, -76.717833, -76.716212, -76.716397, -76.706892, -76.702693, -76.698048, -76.694202, -76.693484, -76.692166, 
-76.692853, -76.692021, -76.690181, -76.686591, -76.683464, -76.681023, -76.678468, -76.675908, -76.674558, -76.672334, -76.672221, -76.672764, -76.673479, -76.673172, -76.672407, -76.672557, -76.674405, -76.675166, -76.677281, -76.67948, -76.680702, -76.679475, -76.677799, -76.677692, -76.679144, -76.677011, -76.675468, -76.672896, -76.672276, -76.672642, -76.674444, -76.675699, -76.675457, -76.678298, -76.684885, -76.686344, -76.689818, -76.691476, -76.692537, -76.697064, -76.701162, -76.701145, 
-76.702291, -76.704062, -76.705387, -76.70614, -76.704499, -76.705047, -76.70694, -76.707739, -76.710131, -76.712464, -76.712702, -76.716083, -76.716415, -76.715128, -76.718885, -76.720354, -76.723278, -76.728357, -76.731474, -76.733284, -76.735203, -76.737003, -76.739452, -76.740526, -76.74016, -76.739824, -76.74051, -76.739892, -76.74166, -76.739782, -76.739353, -76.739844, -76.741003, -76.740861, -76.739668, -76.742342, -76.741132, -76.742595, -76.742312, -76.742396, -76.742682, -76.745501, -76.746478, 
-76.74583, -76.746418, -76.745835, -76.746662, -76.74757, -76.748495, -76.751461, -76.755167, -76.758415, -76.762116, -76.763412, -76.769095, -76.770682, -76.777843, -76.797248, -76.816857, -76.814098, 38.643066, 38.645317, 38.646901, 38.648543, 38.651935, 38.65269, 38.659783, 38.662531, 38.662966, 38.663029, 38.664502, 38.666089, 38.663019, 38.659613, 38.659172, 38.660382, 38.662065, 38.661491, 38.66165, 38.662318, 38.66396, 38.663758, 38.662482, 38.662496, 38.661802, 38.65878, 38.654748, 38.653599, 
38.652828, 38.651095, 38.649085, 38.647974, 38.64774, 38.646726, 38.643674, 38.644077, 38.643732, 38.642248, 38.643256, 38.644012, 38.643198, 38.636437, 38.634932, 38.633038, 38.630479, 38.62913, 38.628646, 38.627321, 38.623065, 38.621373, 38.617533, 38.614404, 38.612456, 38.607249, 38.603308, 38.600627, 38.599271, 38.595725, 38.592106, 38.589566, 38.585211, 38.580499, 38.576165, 38.572374, 38.569898, 38.566734, 38.563451, 38.558824, 38.554648, 38.552781, 38.546818, 38.539924, 38.536511, 38.535876, 
38.535372, 38.536809, 38.537411, 38.537628, 38.538447, 38.541165, 38.543165, 38.542474, 38.544676, 38.546409, 38.547118, 38.54651, 38.545416, 38.543325, 38.542922, 38.543429, 38.546442, 38.547085, 38.548896, 38.547771, 38.547993, 38.548808, 38.549772, 38.550356, 38.551204, 38.551394, 38.554204, 38.555385, 38.557433, 38.557617, 38.557074, 38.55821, 38.558673, 38.560505, 38.562386, 38.563387, 38.564773, 38.565821, 38.566522, 38.567605, 38.569406, 38.570386, 38.571574, 38.572807, 38.576581, 38.578809, 
38.582, 38.58383, 38.589652, 38.594217, 38.596642, 38.59969, 38.600721, 38.603064, 38.605253, 38.612223, 38.617335, 38.618197, 38.619005, 38.620154, 38.619821, 38.621083, 38.622282, 38.623806, 38.624688, 38.627049, 38.634491, 38.641595, 38.643066)))"
24033803300,Census Tract 8033; Prince George's County; Maryland,B19013_001,83281,16875,"list(list(c(-76.909749, -76.908668, -76.906268, -76.89766, -76.891697, -76.892417, -76.891569, -76.88975, -76.888208, -76.886417, -76.888409, -76.886927, -76.884742, -76.883086, -76.881029, -76.87758, -76.874343, -76.87445, -76.87908, -76.880133, -76.882868, -76.889107, -76.892085, -76.901952, -76.905231, -76.9062, -76.908812, -76.909083, -76.909235, -76.90942, -76.909526, -76.91014, -76.909749, 38.916539, 38.916563, 38.916965, 38.918436, 38.917853, 38.92066, 38.920651, 38.920606, 38.923239, 38.924295, 
38.926733, 38.926662, 38.926938, 38.927157, 38.927411, 38.927257, 38.926279, 38.92613, 38.919574, 38.918544, 38.916443, 38.912313, 38.909581, 38.907467, 38.910829, 38.91308, 38.915237, 38.915327, 38.915493, 38.916038, 38.916139, 38.916282, 38.916539)))"
24033805904,Census Tract 8059.04; Prince George's County; Maryland,B19013_001,129118,16291,"list(list(c(-76.981055, -76.977361, -76.974909, -76.971903, -76.971017, -76.968814, -76.965864, -76.965351, -76.962439, -76.960868, -76.956739, -76.956739, -76.955712, -76.956857, -76.964285, -76.964031, -76.966495, -76.968251, -76.969546, -76.972032, -76.97535, -76.977098, -76.979812, -76.982446, -76.981055, 39.004295, 39.003866, 39.003595, 39.003216, 39.004634, 39.005006, 39.002816, 39.002425, 38.998922, 38.994826, 38.991389, 38.987863, 38.98565, 38.985751, 38.984892, 38.988549, 38.989392, 38.98984, 
38.990583, 38.992367, 38.992801, 38.995194, 38.999267, 39.001084, 39.004295)))"
24033806400,Census Tract 8064; Prince George's County; Maryland,B19013_001,172396,43444,"list(list(c(-76.955712, -76.951468, -76.948873, -76.94769, -76.944433, -76.940041, -76.937964, -76.937939, -76.937931, -76.937927, -76.937975, -76.937959, -76.938049, -76.938997, -76.942611, -76.943895, -76.948302, -76.948314, -76.948778, -76.948845, -76.949341, -76.949759, -76.952553, -76.953056, -76.953425, -76.95421, -76.95463, -76.954785, -76.954932, -76.955033, -76.955317, -76.955386, -76.95566, -76.955712, 38.98565, 38.984729, 38.984825, 38.982382, 38.981094, 38.978233, 38.977689, 38.976962, 
38.976357, 38.976263, 38.973005, 38.97177, 38.971045, 38.964663, 38.965869, 38.966108, 38.966428, 38.966485, 38.967722, 38.968262, 38.971553, 38.972375, 38.976416, 38.976995, 38.977425, 38.978809, 38.980104, 38.981691, 38.981684, 38.982416, 38.983754, 38.984073, 38.985418, 38.98565)))"
24033800705,Census Tract 8007.05; Prince George's County; Maryland,B19013_001,161696,44574,"list(list(c(-76.810542, -76.81037, -76.80771, -76.805461, -76.803862, -76.799794, -76.793721, -76.792671, -76.789113, -76.787457, -76.785439, -76.778723, -76.775689, -76.77509, -76.768799, -76.768373, -76.765552, -76.763698, -76.757742, -76.756306, -76.755257, -76.762939, -76.764462, -76.763849, -76.766311, -76.768336, -76.77083, -76.777577, -76.782996, -76.786243, -76.790409, -76.792414, -76.795212, -76.796931, -76.797425, -76.79852, -76.803791, -76.808136, -76.810416, -76.810542, 38.754543, 38.756694, 
38.761287, 38.760611, 38.760953, 38.76024, 38.761766, 38.7623, 38.766008, 38.76445, 38.763978, 38.766181, 38.766418, 38.772825, 38.778052, 38.777852, 38.77648, 38.773821, 38.769556, 38.767175, 38.76413, 38.757342, 38.754888, 38.752777, 38.750604, 38.749604, 38.747099, 38.743981, 38.743292, 38.744909, 38.74549, 38.746551, 38.746652, 38.747721, 38.748834, 38.749949, 38.74783, 38.750685, 38.751571, 38.754543)))"
24033802404,Census Tract 8024.04; Prince George's County; Maryland,B19013_001,54651,11339,"list(list(c(-76.898782, -76.898716, -76.898518, -76.898448, -76.897643, -76.897772, -76.896273, -76.894468, -76.892503, -76.892747, -76.891254, -76.889783, -76.888062, -76.88668, -76.885118, -76.885841, -76.88348, -76.886596, -76.887797, -76.889979, -76.891418, -76.894504, -76.898947, -76.898782, 38.85984, 38.860437, 38.861131, 38.861294, 38.86299, 38.863467, 38.863793, 38.864436, 38.866113, 38.867807, 38.868675, 38.869858, 38.87046, 38.870792, 38.871294, 38.867514, 38.864661, 38.863294, 38.860865, 
38.860387, 38.860205, 38.859273, 38.857819, 38.85984)))"
24033800411,Census Tract 8004.11; Prince George's County; Maryland,B19013_001,140095,19935,"list(list(c(-76.852251, -76.84772, -76.844475, -76.841207, -76.834777, -76.832354, -76.82791, -76.824877, -76.819936, -76.817893, -76.816373, -76.816041, -76.816512, -76.816908, -76.820106, -76.820902, -76.820386, -76.817757, -76.815676, -76.817752, -76.815087, -76.813388, -76.810537, -76.808066, -76.803941, -76.802031, -76.801692, -76.800749, -76.795709, -76.793854, -76.792621, -76.790741, -76.787593, -76.785084, -76.783721, -76.776528, -76.776618, -76.774616, -76.773787, -76.775036, -76.773187, 
-76.77029, -76.769153, -76.767112, -76.765391, -76.764182, -76.764454, -76.761312, -76.765514, -76.768345, -76.771129, -76.772156, -76.773811, -76.776618, -76.778955, -76.784305, -76.785957, -76.785976, -76.784807, -76.782124, -76.781994, -76.781885, -76.783417, -76.783863, -76.788162, -76.789463, -76.78939, -76.793075, -76.796593, -76.795023, -76.793622, -76.792141, -76.800738, -76.81626, -76.818036, -76.819595, -76.820683, -76.82742, -76.830891, -76.835994, -76.837256, -76.84293, -76.846127, -76.847821, 
-76.849964, -76.851422, -76.851227, -76.849925, -76.858523, -76.852251, 39.033345, 39.03382, 39.033834, 39.033406, 39.032368, 39.032316, 39.033098, 39.034436, 39.037275, 39.039203, 39.042238, 39.044302, 39.048129, 39.049207, 39.0513, 39.052654, 39.053863, 39.053001, 39.054232, 39.055264, 39.058229, 39.061259, 39.060922, 39.061229, 39.062446, 39.059354, 39.056399, 39.05539, 39.054574, 39.052072, 39.04618, 39.045722, 39.044631, 39.044916, 39.046252, 39.04531, 39.04454, 39.044756, 39.043696, 39.042344, 
39.040707, 39.040869, 39.038961, 39.039075, 39.040435, 39.039079, 39.037618, 39.035379, 39.03386, 39.029801, 39.02578, 39.026555, 39.027204, 39.028116, 39.02976, 39.031553, 39.02519, 39.023414, 39.019493, 39.013768, 39.01203, 39.010709, 39.010656, 39.01064, 39.01059, 39.010359, 39.008623, 39.00899, 39.00643, 39.005705, 39.001328, 39.000344, 38.995526, 38.987299, 38.988316, 38.989145, 38.989538, 38.990847, 38.99107, 38.990913, 38.990904, 38.992134, 38.996941, 39.000003, 39.005091, 39.010483, 39.013489, 
39.016366, 39.019895, 39.033345)))"
24033800513,Census Tract 8005.13; Prince George's County; Maryland,B19013_001,152643,26993,"list(list(c(-76.771327, -76.770711, -76.770402, -76.770687, -76.770972, -76.770228, -76.766567, -76.765998, -76.766704, -76.765625, -76.765529, -76.765523, -76.765384, -76.765101, -76.764972, -76.761136, -76.75857, -76.757911, -76.757114, -76.755536, -76.75014, -76.747943, -76.741499, -76.741107, -76.741134, -76.744746, -76.743977, -76.743021, -76.737942, -76.738087, -76.742656, -76.743832, -76.745188, -76.744764, -76.743327, -76.743961, -76.745839, -76.750822, -76.754759, -76.761567, -76.770202, 
-76.771179, -76.771327, 38.948361, 38.954126, 38.95708, 38.958055, 38.960059, 38.960266, 38.960614, 38.961885, 38.964619, 38.965706, 38.966205, 38.966663, 38.967684, 38.969651, 38.97061, 38.969909, 38.969485, 38.969598, 38.96987, 38.970876, 38.974798, 38.975597, 38.97747, 38.976443, 38.976111, 38.971761, 38.96683, 38.965112, 38.96391, 38.963206, 38.958374, 38.95756, 38.956189, 38.955662, 38.953094, 38.953031, 38.952701, 38.950643, 38.948823, 38.946306, 38.945405, 38.947715, 38.948361)))"
24033801305,Census Tract 8013.05; Prince George's County; Maryland,B19013_001,144700,36800,"list(list(c(-76.993441, -76.990591, -76.985507, -76.983224, -76.978995, -76.976444, -76.973216, -76.969975, -76.967726, -76.965228, -76.962017, -76.959394, -76.957611, -76.95372, -76.952079, -76.951006, -76.952613, -76.954514, -76.955179, -76.954186, -76.949358, -76.942091, -76.944675, -76.947146, -76.949629, -76.95111, -76.952821, -76.952987, -76.957222, -76.961203, -76.962796, -76.963278, -76.961407, -76.962175, -76.96181, -76.964739, -76.967765, -76.969688, -76.972609, -76.975799, -76.978592, 
-76.979144, -76.980821, -76.990196, -76.99329, -76.993813, -76.993441, 38.760895, 38.76463, 38.767185, 38.768822, 38.771117, 38.77405, 38.774674, 38.7741, 38.772641, 38.772321, 38.77295, 38.774707, 38.775402, 38.775797, 38.776531, 38.773562, 38.769143, 38.763318, 38.762518, 38.761883, 38.761417, 38.758737, 38.75684, 38.756229, 38.753674, 38.750983, 38.75009, 38.748551, 38.746191, 38.748313, 38.750028, 38.752562, 38.753172, 38.75414, 38.755461, 38.755754, 38.755016, 38.752434, 38.751684, 38.752814, 
38.751776, 38.752146, 38.752755, 38.755511, 38.755924, 38.76083, 38.760895)))"
24033800701,Census Tract 8007.01; Prince George's County; Maryland,B19013_001,194886,23889,"list(list(c(-76.855021, -76.852172, -76.850341, -76.849132, -76.845814, -76.84319, -76.839146, -76.837983, -76.834736, -76.837558, -76.841478, -76.846772, -76.844904, -76.844351, -76.846167, -76.845459, -76.842122, -76.83914, -76.838369, -76.836456, -76.834595, -76.829637, -76.827874, -76.827304, -76.823514, -76.818974, -76.813192, -76.812057, -76.811687, -76.810269, -76.807743, -76.807813, -76.806924, -76.803677, -76.803086, -76.801761, -76.798884, -76.795815, -76.793071, -76.788485, -76.784504, 
-76.781179, -76.777993, -76.775241, -76.773599, -76.772463, -76.778964, -76.78399, -76.792941, -76.794201, -76.796259, -76.790784, -76.78369, -76.782418, -76.781676, -76.778308, -76.77707, -76.777008, -76.785852, -76.788685, -76.793333, -76.798148, -76.804817, -76.807751, -76.812119, -76.815207, -76.817389, -76.824838, -76.824978, -76.83375, -76.843706, -76.848438, -76.849089, -76.851084, -76.853984, -76.855021, 38.828706, 38.829191, 38.828467, 38.829627, 38.829475, 38.828631, 38.830826, 38.832875, 
38.834024, 38.834729, 38.837911, 38.844243, 38.845652, 38.847704, 38.852757, 38.854019, 38.860048, 38.862431, 38.867156, 38.866625, 38.866416, 38.866522, 38.867081, 38.867248, 38.867428, 38.868218, 38.870734, 38.870975, 38.869141, 38.866309, 38.863415, 38.861451, 38.85882, 38.855924, 38.853843, 38.852035, 38.850226, 38.849434, 38.848118, 38.847197, 38.84539, 38.843264, 38.841751, 38.839621, 38.838099, 38.835517, 38.835332, 38.834374, 38.829202, 38.827996, 38.826976, 38.824105, 38.820952, 38.820283, 
38.819752, 38.815586, 38.814508, 38.812994, 38.81182, 38.811832, 38.812871, 38.813401, 38.813016, 38.812603, 38.811434, 38.811157, 38.811632, 38.81407, 38.814119, 38.816739, 38.819132, 38.821098, 38.82049, 38.822525, 38.826073, 38.828706)))"
24033802805,Census Tract 8028.05; Prince George's County; Maryland,B19013_001,85685,8756,"list(list(c(-76.899686, -76.890113, -76.888836, -76.888199, -76.886728, -76.884518, -76.88191, -76.878871, -76.878672, -76.877289, -76.877269, -76.879005, -76.884143, -76.888319, -76.892704, -76.893095, -76.89381, -76.894121, -76.894261, -76.894351, -76.894703, -76.894763, -76.895311, -76.895382, -76.896069, -76.896765, -76.897707, -76.897898, -76.898112, -76.898715, -76.898792, -76.899276, -76.899364, -76.899437, -76.899476, -76.899307, -76.89931, -76.899408, -76.899686, 38.897487, 38.899973, 38.900854, 
38.90122, 38.902136, 38.901012, 38.896903, 38.894709, 38.894258, 38.888768, 38.88868, 38.888532, 38.887722, 38.887734, 38.887494, 38.888363, 38.890083, 38.89109, 38.891596, 38.891762, 38.892234, 38.892284, 38.892981, 38.893293, 38.893661, 38.894066, 38.895214, 38.89528, 38.895325, 38.89543, 38.895452, 38.895628, 38.895699, 38.895843, 38.896071, 38.896738, 38.896927, 38.897136, 38.897487)))"
24033806501,Census Tract 8065.01; Prince George's County; Maryland,B19013_001,78194,33235,"list(list(c(-76.942637, -76.942611, -76.938997, -76.937067, -76.924917, -76.920006, -76.920162, -76.922388, -76.923075, -76.92358, -76.923702, -76.924315, -76.926222, -76.925196, -76.924982, -76.92861, -76.928749, -76.92939, -76.930179, -76.933999, -76.935659, -76.937038, -76.939906, -76.939736, -76.939439, -76.942811, -76.942637, 38.965726, 38.965869, 38.964663, 38.964044, 38.961597, 38.960553, 38.958952, 38.956489, 38.955301, 38.953955, 38.953546, 38.952494, 38.95108, 38.952479, 38.954386, 38.955441, 
38.955176, 38.954203, 38.95207, 38.951599, 38.957896, 38.957932, 38.957967, 38.95947, 38.961511, 38.961419, 38.965726)))"
24033800401,Census Tract 8004.01; Prince George's County; Maryland,B19013_001,141701,14142,"list(list(c(-76.74612, -76.743653, -76.742267, -76.738689, -76.737054, -76.736439, -76.735694, -76.734881, -76.733279, -76.728974, -76.725659, -76.724261, -76.724578, -76.725962, -76.725905, -76.725072, -76.721271, -76.716346, -76.712799, -76.712073, -76.7089, -76.708695, -76.706119, -76.705774, -76.709099, -76.713785, -76.719041, -76.725665, -76.727869, -76.728141, -76.732283, -76.734914, -76.735373, -76.740579, -76.740807, -76.739177, -76.744349, -76.74612, 39.008509, 39.009295, 39.009281, 39.010453, 
39.01127, 39.010856, 39.009873, 39.008582, 39.006824, 39.007079, 39.006095, 39.004574, 39.003287, 39.000108, 38.99922, 38.998938, 38.999711, 38.997425, 38.99481, 38.995324, 38.993413, 38.99199, 38.99039, 38.988981, 38.986004, 38.986775, 38.984846, 38.983239, 38.982459, 38.982332, 38.987999, 38.99069, 38.991283, 38.997083, 38.998645, 39.003373, 39.007687, 39.008509)))"
