State/Territory,Sewershed_ID,Counties_Served,Population_Served,WVAL_Category,Reporting_Week,date_updated
"Alabama","ID:9","Lee","70000","Very Low","March 22, 2026 - March 28, 2026","2026-04-02T06:58:58.208Z"
"Alabama","ID:2472","Baldwin","6500","Very Low","March 22, 2026 - March 28, 2026","2026-04-02T06:58:58.208Z"
"Alabama","ID:2414","Macon","3653","Very Low","March 22, 2026 - March 28, 2026","2026-04-02T06:58:58.208Z"
"Alabama","ID:2407","Tuscaloosa","12278","Very Low","March 22, 2026 - March 28, 2026","2026-04-02T06:58:58.208Z"
"Alabama","ID:2406","Sumter","4000","Very Low","March 22, 2026 - March 28, 2026","2026-04-02T06:58:58.208Z"
"Alabama","ID:2378","Madison","46000","Very Low","March 22, 2026 - March 28, 2026","2026-04-02T06:58:58.208Z"
"Alabama","ID:2377","Calhoun","22600","Very Low","March 22, 2026 - March 28, 2026","2026-04-02T06:58:58.208Z"
"Alabama","ID:2460","Talladega","15000","Low","March 22, 2026 - March 28, 2026","2026-04-02T06:58:58.208Z"
"Alabama","ID:2425","Randolph","5311","Low","March 22, 2026 - March 28, 2026","2026-04-02T06:58:58.208Z"
"Alabama","ID:2415","Pike","20000","Low","March 22, 2026 - March 28, 2026","2026-04-02T06:58:58.208Z"
"Alabama","ID:2387","Marshall","18280","Low","March 22, 2026 - March 28, 2026","2026-04-02T06:58:58.208Z"
"Alabama","ID:8","Jefferson","95000","Moderate","March 22, 2026 - March 28, 2026","2026-04-02T06:58:58.208Z"
"Alabama","ID:5","Jefferson","77000","Moderate","March 22, 2026 - March 28, 2026","2026-04-02T06:58:58.208Z"
"Alabama","ID:4","Jefferson","30000","Moderate","March 22, 2026 - March 28, 2026","2026-04-02T06:58:58.208Z"
"Alabama","ID:2379","Morgan","50772","Moderate","March 22, 2026 - March 28, 2026","2026-04-02T06:58:58.208Z"
"Alabama","ID:7","Jefferson","200000","High","March 22, 2026 - March 28, 2026","2026-04-02T06:58:58.208Z"
"Alabama","ID:2412","Dallas","19000","High","March 22, 2026 - March 28, 2026","2026-04-02T06:58:58.208Z"
"Alabama","ID:6","Jefferson","225000","Very High","March 22, 2026 - March 28, 2026","2026-04-02T06:58:58.208Z"
"Alabama","ID:2411","Barbour","14000","Very High","March 22, 2026 - March 28, 2026","2026-04-02T06:58:58.208Z"
"Alaska","ID:2340","Fairbanks North Star","92000","Very Low","March 22, 2026 - March 28, 2026","2026-04-02T06:58:58.208Z"
"Alaska","ID:15","Juneau","12000","Very Low","March 22, 2026 - March 28, 2026","2026-04-02T06:58:58.208Z"
"Alaska","ID:14","Anchorage","23000","Very Low","March 22, 2026 - March 28, 2026","2026-04-02T06:58:58.208Z"
"Alaska","ID:13","Anchorage","220000","Very Low","March 22, 2026 - March 28, 2026","2026-04-02T06:58:58.208Z"
"Alaska","ID:16","Juneau","22000","Moderate","March 22, 2026 - March 28, 2026","2026-04-02T06:58:58.208Z"
"Arizona","ID:35","Pima","397407","Limited/No Data","March 22, 2026 - March 28, 2026","2026-04-02T06:58:58.208Z"
"Arizona","ID:34","Pima","23000","Limited/No Data","March 22, 2026 - March 28, 2026","2026-04-02T06:58:58.208Z"
"Arizona","ID:33","Pima","347900","Limited/No Data","March 22, 2026 - March 28, 2026","2026-04-02T06:58:58.208Z"
"Arizona","ID:30","Maricopa","19260","Limited/No Data","March 22, 2026 - March 28, 2026","2026-04-02T06:58:58.208Z"
"Arizona","ID:29","Maricopa","130000","Limited/No Data","March 22, 2026 - March 28, 2026","2026-04-02T06:58:58.208Z"
"Arizona","ID:2297","Coconino","46000","Limited/No Data","March 22, 2026 - March 28, 2026","2026-04-02T06:58:58.208Z"
"Arizona","ID:2296","Coconino","80000","Limited/No Data","March 22, 2026 - March 28, 2026","2026-04-02T06:58:58.208Z"
"Arizona","ID:19","Maricopa","2400000","Limited/No Data","March 22, 2026 - March 28, 2026","2026-04-02T06:58:58.208Z"
"Arizona","ID:18","Maricopa","50000","Limited/No Data","March 22, 2026 - March 28, 2026","2026-04-02T06:58:58.208Z"
"Arizona","ID:65","Yuma","8271","Very Low","March 22, 2026 - March 28, 2026","2026-04-02T06:58:58.208Z"
"Arizona","ID:52","Yuma","18039","Very Low","March 22, 2026 - March 28, 2026","2026-04-02T06:58:58.208Z"
"Arizona","ID:51","Yuma","11459","Very Low","March 22, 2026 - March 28, 2026","2026-04-02T06:58:58.208Z"
"Arizona","ID:49","Yuma","8928","Very Low","March 22, 2026 - March 28, 2026","2026-04-02T06:58:58.208Z"
"Arizona","ID:32","Mohave","37500","Very Low","March 22, 2026 - March 28, 2026","2026-04-02T06:58:58.208Z"
"Arizona","ID:2408","La Paz","3400","Very Low","March 22, 2026 - March 28, 2026","2026-04-02T06:58:58.208Z"
"Arizona","ID:17","La Paz","3500","Very Low","March 22, 2026 - March 28, 2026","2026-04-02T06:58:58.208Z"
"Arizona","ID:50","Yuma","4508","Low","March 22, 2026 - March 28, 2026","2026-04-02T06:58:58.208Z"
"Arizona","ID:2526","Yavapai","10000","Moderate","March 22, 2026 - March 28, 2026","2026-04-02T06:58:58.208Z"
"Arkansas","ID:71","Greene","25000","Very Low","March 22, 2026 - March 28, 2026","2026-04-02T06:58:58.208Z"
"Arkansas","ID:84","Pulaski","32043","Low","March 22, 2026 - March 28, 2026","2026-04-02T06:58:58.208Z"
"Arkansas","ID:80","Pulaski","30377","Low","March 22, 2026 - March 28, 2026","2026-04-02T06:58:58.208Z"
"Arkansas","ID:70","Garland","38000","Low","March 22, 2026 - March 28, 2026","2026-04-02T06:58:58.208Z"
"Arkansas","ID:68","Benton","19000","Low","March 22, 2026 - March 28, 2026","2026-04-02T06:58:58.208Z"
"Arkansas","ID:69","Boone","15000","Very High","March 22, 2026 - March 28, 2026","2026-04-02T06:58:58.208Z"
"California","ID:103","Humboldt","45000","Limited/No Data","March 22, 2026 - March 28, 2026","2026-04-02T06:58:58.208Z"
"California","ID:99","Contra Costa","102000","Very Low","March 22, 2026 - March 28, 2026","2026-04-02T06:58:58.208Z"
"California","ID:98","Contra Costa","218281","Very Low","March 22, 2026 - March 28, 2026","2026-04-02T06:58:58.208Z"
"California","ID:97","Contra Costa","495000","Very Low","March 22, 2026 - March 28, 2026","2026-04-02T06:58:58.208Z"
"California","ID:96","Butte","101299","Very Low","March 22, 2026 - March 28, 2026","2026-04-02T06:58:58.208Z"
"California","ID:94","Contra Costa, Alameda","740000","Very Low","March 22, 2026 - March 28, 2026","2026-04-02T06:58:58.208Z"
"California","ID:93","Alameda","60000","Very Low","March 22, 2026 - March 28, 2026","2026-04-02T06:58:58.208Z"
"California","ID:2453","Madera","60000","Very Low","March 22, 2026 - March 28, 2026","2026-04-02T06:58:58.208Z"
"California","ID:2380","Shasta","29000","Very Low","March 22, 2026 - March 28, 2026","2026-04-02T06:58:58.208Z"
"California","ID:2365","Solano","155000","Very Low","March 22, 2026 - March 28, 2026","2026-04-02T06:58:58.208Z"
"California","ID:2348","Placer","127000","Very Low","March 22, 2026 - March 28, 2026","2026-04-02T06:58:58.208Z"
"California","ID:2347","Santa Barbara","97000","Very Low","March 22, 2026 - March 28, 2026","2026-04-02T06:58:58.208Z"
"California","ID:2346","El Dorado","125000","Very Low","March 22, 2026 - March 28, 2026","2026-04-02T06:58:58.208Z"
"California","ID:2199","Nevada","13754","Very Low","March 22, 2026 - March 28, 2026","2026-04-02T06:58:58.208Z"
"California","ID:193","Yolo","68000","Very Low","March 22, 2026 - March 28, 2026","2026-04-02T06:58:58.208Z"
"California","ID:190","Ventura","250000","Very Low","March 22, 2026 - March 28, 2026","2026-04-02T06:58:58.208Z"
"California","ID:189","Sutter","70000","Very Low","March 22, 2026 - March 28, 2026","2026-04-02T06:58:58.208Z"
"California","ID:187","Stanislaus","230000","Very Low","March 22, 2026 - March 28, 2026","2026-04-02T06:58:58.208Z"
"California","ID:186","Sonoma","28000","Very Low","March 22, 2026 - March 28, 2026","2026-04-02T06:58:58.208Z"
"California","ID:184","Sonoma","237800","Very Low","March 22, 2026 - March 28, 2026","2026-04-02T06:58:58.208Z"
"California","ID:183","Solano","121000","Very Low","March 22, 2026 - March 28, 2026","2026-04-02T06:58:58.208Z"
"California","ID:182","Shasta","60000","Very Low","March 22, 2026 - March 28, 2026","2026-04-02T06:58:58.208Z"
"California","ID:180","Santa Cruz, Monterey","60000","Very Low","March 22, 2026 - March 28, 2026","2026-04-02T06:58:58.208Z"
"California","ID:179","Santa Cruz","160000","Very Low","March 22, 2026 - March 28, 2026","2026-04-02T06:58:58.208Z"
"California","ID:178","Santa Cruz","94000","Very Low","March 22, 2026 - March 28, 2026","2026-04-02T06:58:58.208Z"
"California","ID:177","Santa Cruz","164000","Very Low","March 22, 2026 - March 28, 2026","2026-04-02T06:58:58.208Z"
"California","ID:176","Santa Clara","1500000","Very Low","March 22, 2026 - March 28, 2026","2026-04-02T06:58:58.208Z"
"California","ID:175","Santa Clara","236000","Very Low","March 22, 2026 - March 28, 2026","2026-04-02T06:58:58.208Z"
"California","ID:174","Santa Clara","110338","Very Low","March 22, 2026 - March 28, 2026","2026-04-02T06:58:58.208Z"
"California","ID:173","Santa Clara","153000","Very Low","March 22, 2026 - March 28, 2026","2026-04-02T06:58:58.208Z"
"California","ID:172","Santa Barbara","77600","Very Low","March 22, 2026 - March 28, 2026","2026-04-02T06:58:58.208Z"
"California","ID:170","San Mateo","199000","Very Low","March 22, 2026 - March 28, 2026","2026-04-02T06:58:58.208Z"
"California","ID:169","San Mateo","27000","Very Low","March 22, 2026 - March 28, 2026","2026-04-02T06:58:58.208Z"
"California","ID:168","San Mateo","150000","Very Low","March 22, 2026 - March 28, 2026","2026-04-02T06:58:58.208Z"
"California","ID:166","San Luis Obispo","39000","Very Low","March 22, 2026 - March 28, 2026","2026-04-02T06:58:58.208Z"
"California","ID:165","San Luis Obispo","47545","Very Low","March 22, 2026 - March 28, 2026","2026-04-02T06:58:58.208Z"
"California","ID:164","San Luis Obispo","31037","Very Low","March 22, 2026 - March 28, 2026","2026-04-02T06:58:58.208Z"
"California","ID:162","San Luis Obispo","14465","Very Low","March 22, 2026 - March 28, 2026","2026-04-02T06:58:58.208Z"
"California","ID:161","San Luis Obispo","15000","Very Low","March 22, 2026 - March 28, 2026","2026-04-02T06:58:58.208Z"
"California","ID:157","San Joaquin","29000","Very Low","March 22, 2026 - March 28, 2026","2026-04-02T06:58:58.208Z"
"California","ID:155","San Joaquin","68000","Very Low","March 22, 2026 - March 28, 2026","2026-04-02T06:58:58.208Z"
"California","ID:148","San Francisco, San Mateo","750000","Very Low","March 22, 2026 - March 28, 2026","2026-04-02T06:58:58.208Z"
"California","ID:147","San Francisco, San Mateo","250000","Very Low","March 22, 2026 - March 28, 2026","2026-04-02T06:58:58.208Z"
"California","ID:145","San Diego","2200000","Very Low","March 22, 2026 - March 28, 2026","2026-04-02T06:58:58.208Z"
"California","ID:143","San Bernardino","890000","Very Low","March 22, 2026 - March 28, 2026","2026-04-02T06:58:58.208Z"
"California","ID:140","Sacramento","1480000","Very Low","March 22, 2026 - March 28, 2026","2026-04-02T06:58:58.208Z"
"California","ID:139","Riverside","91980","Very Low","March 22, 2026 - March 28, 2026","2026-04-02T06:58:58.208Z"
"California","ID:138","Riverside","350000","Very Low","March 22, 2026 - March 28, 2026","2026-04-02T06:58:58.208Z"
"California","ID:137","Plumas","4217","Very Low","March 22, 2026 - March 28, 2026","2026-04-02T06:58:58.208Z"
"California","ID:136","Placer","108444","Very Low","March 22, 2026 - March 28, 2026","2026-04-02T06:58:58.208Z"
"California","ID:131","El Dorado, Nevada, Placer","50000","Very Low","March 22, 2026 - March 28, 2026","2026-04-02T06:58:58.208Z"
"California","ID:130","Napa","83300","Very Low","March 22, 2026 - March 28, 2026","2026-04-02T06:58:58.208Z"
"California","ID:129","Napa","20256","Very Low","March 22, 2026 - March 28, 2026","2026-04-02T06:58:58.208Z"
"California","ID:128","Monterey","16000","Very Low","March 22, 2026 - March 28, 2026","2026-04-02T06:58:58.208Z"
"California","ID:127","Monterey","262000","Very Low","March 22, 2026 - March 28, 2026","2026-04-02T06:58:58.208Z"
"California","ID:125","Merced","91000","Very Low","March 22, 2026 - March 28, 2026","2026-04-02T06:58:58.208Z"
"California","ID:121","Marin","53000","Very Low","March 22, 2026 - March 28, 2026","2026-04-02T06:58:58.208Z"
"California","ID:120","Marin","30000","Very Low","March 22, 2026 - March 28, 2026","2026-04-02T06:58:58.208Z"
"California","ID:118","Marin","104250","Very Low","March 22, 2026 - March 28, 2026","2026-04-02T06:58:58.208Z"
"California","ID:115","Ventura, Los Angeles","75000","Very Low","March 22, 2026 - March 28, 2026","2026-04-02T06:58:58.208Z"
"California","ID:114","Los Angeles","3500000","Very Low","March 22, 2026 - March 28, 2026","2026-04-02T06:58:58.208Z"
"California","ID:113","Ventura, Los Angeles","4000000","Very Low","March 22, 2026 - March 28, 2026","2026-04-02T06:58:58.208Z"
"California","ID:112","Los Angeles","200000","Very Low","March 22, 2026 - March 28, 2026","2026-04-02T06:58:58.208Z"
"California","ID:106","Kern","168750","Very Low","March 22, 2026 - March 28, 2026","2026-04-02T06:58:58.208Z"
"California","ID:101","El Dorado","30000","Very Low","March 22, 2026 - March 28, 2026","2026-04-02T06:58:58.208Z"
"California","ID:100","Del Norte","15372","Very Low","March 22, 2026 - March 28, 2026","2026-04-02T06:58:58.208Z"
"California","ID:95","Butte","44000","Low","March 22, 2026 - March 28, 2026","2026-04-02T06:58:58.208Z"
"California","ID:2601","Alameda","95000","Low","March 22, 2026 - March 28, 2026","2026-04-02T06:58:58.208Z"
"California","ID:2571","Alameda","342000","Low","March 22, 2026 - March 28, 2026","2026-04-02T06:58:58.208Z"
"California","ID:188","Stanislaus","86000","Low","March 22, 2026 - March 28, 2026","2026-04-02T06:58:58.208Z"
"California","ID:171","Santa Barbara","69290","Low","March 22, 2026 - March 28, 2026","2026-04-02T06:58:58.208Z"
"California","ID:160","San Luis Obispo","6031","Low","March 22, 2026 - March 28, 2026","2026-04-02T06:58:58.208Z"
"California","ID:144","San Bernardino","325000","Low","March 22, 2026 - March 28, 2026","2026-04-02T06:58:58.208Z"
"California","ID:141","San Benito","43000","Low","March 22, 2026 - March 28, 2026","2026-04-02T06:58:58.208Z"
"California","ID:135","Orange","1800000","Low","March 22, 2026 - March 28, 2026","2026-04-02T06:58:58.208Z"
"California","ID:126","Mono","8200","Low","March 22, 2026 - March 28, 2026","2026-04-02T06:58:58.208Z"
"California","ID:111","Lake","13200","Low","March 22, 2026 - March 28, 2026","2026-04-02T06:58:58.208Z"
"California","ID:108","Kings","56000","Low","March 22, 2026 - March 28, 2026","2026-04-02T06:58:58.208Z"
"California","ID:2573","Alameda","160000","Moderate","March 22, 2026 - March 28, 2026","2026-04-02T06:58:58.208Z"
"California","ID:2572","Alameda","150000","Moderate","March 22, 2026 - March 28, 2026","2026-04-02T06:58:58.208Z"
"California","ID:194","Yolo","59000","High","March 22, 2026 - March 28, 2026","2026-04-02T06:58:58.208Z"
"Colorado","ID:252","Pueblo","96515","Limited/No Data","March 22, 2026 - March 28, 2026","2026-04-02T06:58:58.208Z"
"Colorado","ID:232","La Plata","23429","Limited/No Data","March 22, 2026 - March 28, 2026","2026-04-02T06:58:58.208Z"
"Colorado","ID:201","Alamosa","18364","Limited/No Data","March 22, 2026 - March 28, 2026","2026-04-02T06:58:58.208Z"
"Colorado","ID:264","Weld","83319","Very Low","March 22, 2026 - March 28, 2026","2026-04-02T06:58:58.208Z"
"Colorado","ID:255","San Miguel","15000","Very Low","March 22, 2026 - March 28, 2026","2026-04-02T06:58:58.208Z"
"Colorado","ID:249","Pitkin","5500","Very Low","March 22, 2026 - March 28, 2026","2026-04-02T06:58:58.208Z"
"Colorado","ID:246","Otero","29643","Very Low","March 22, 2026 - March 28, 2026","2026-04-02T06:58:58.208Z"
"Colorado","ID:2364","Adams","40071","Very Low","March 22, 2026 - March 28, 2026","2026-04-02T06:58:58.208Z"
"Colorado","ID:235","Larimer","92127","Very Low","March 22, 2026 - March 28, 2026","2026-04-02T06:58:58.208Z"
"Colorado","ID:229","Garfield","16714","Very Low","March 22, 2026 - March 28, 2026","2026-04-02T06:58:58.208Z"
"Colorado","ID:224","El Paso","303855","Very Low","March 22, 2026 - March 28, 2026","2026-04-02T06:58:58.208Z"
"Colorado","ID:223","El Paso","102204","Very Low","March 22, 2026 - March 28, 2026","2026-04-02T06:58:58.208Z"
"Colorado","ID:215","Douglas","25000","Very Low","March 22, 2026 - March 28, 2026","2026-04-02T06:58:58.208Z"
"Colorado","ID:214","Douglas","35000","Very Low","March 22, 2026 - March 28, 2026","2026-04-02T06:58:58.208Z"
"Colorado","ID:213","Douglas","60571","Very Low","March 22, 2026 - March 28, 2026","2026-04-02T06:58:58.208Z"
"Colorado","ID:205","Boulder","89383","Very Low","March 22, 2026 - March 28, 2026","2026-04-02T06:58:58.208Z"
"Colorado","ID:203","Arapahoe","247443","Very Low","March 22, 2026 - March 28, 2026","2026-04-02T06:58:58.208Z"
"Colorado","ID:199","Denver","709904","Very Low","March 22, 2026 - March 28, 2026","2026-04-02T06:58:58.208Z"
"Colorado","ID:198","Jefferson","345454","Very Low","March 22, 2026 - March 28, 2026","2026-04-02T06:58:58.208Z"
"Colorado","ID:195","Arapahoe, Adams","268004","Very Low","March 22, 2026 - March 28, 2026","2026-04-02T06:58:58.208Z"
"Colorado","ID:242","Mesa","89286","Low","March 22, 2026 - March 28, 2026","2026-04-02T06:58:58.208Z"
"Colorado","ID:260","Summit","35643","Moderate","March 22, 2026 - March 28, 2026","2026-04-02T06:58:58.208Z"
"Colorado","ID:253","Routt","43741","Moderate","March 22, 2026 - March 28, 2026","2026-04-02T06:58:58.208Z"
"Connecticut","ID:278","New London","41000","Very Low","March 22, 2026 - March 28, 2026","2026-04-02T06:58:58.208Z"
"Connecticut","ID:272","Fairfield","52268","Very Low","March 22, 2026 - March 28, 2026","2026-04-02T06:58:58.208Z"
"Connecticut","ID:271","Fairfield","72914","Very Low","March 22, 2026 - March 28, 2026","2026-04-02T06:58:58.208Z"
"Connecticut","ID:270","Fairfield","45878","Very Low","March 22, 2026 - March 28, 2026","2026-04-02T06:58:58.208Z"
"Connecticut","ID:2556","Hartford","250000","Very Low","March 22, 2026 - March 28, 2026","2026-04-02T06:58:58.208Z"
"Connecticut","ID:2457","Litchfield","30000","Very Low","March 22, 2026 - March 28, 2026","2026-04-02T06:58:58.208Z"
"Connecticut","ID:277","New London","40000","Low","March 22, 2026 - March 28, 2026","2026-04-02T06:58:58.208Z"
"Connecticut","ID:276","New Haven","115000","Low","March 22, 2026 - March 28, 2026","2026-04-02T06:58:58.208Z"
"Connecticut","ID:275","New Haven","233000","Low","March 22, 2026 - March 28, 2026","2026-04-02T06:58:58.208Z"
"Connecticut","ID:2458","Litchfield","7105","Moderate","March 22, 2026 - March 28, 2026","2026-04-02T06:58:58.208Z"
"Connecticut","ID:268","Fairfield","140000","High","March 22, 2026 - March 28, 2026","2026-04-02T06:58:58.208Z"
"Connecticut","ID:267","Fairfield","100000","High","March 22, 2026 - March 28, 2026","2026-04-02T06:58:58.208Z"
"Connecticut","ID:2459","Tolland","31000","High","March 22, 2026 - March 28, 2026","2026-04-02T06:58:58.208Z"
"Connecticut","ID:269","Fairfield","85000","Very High","March 22, 2026 - March 28, 2026","2026-04-02T06:58:58.208Z"
"Delaware","ID:289","Sussex","75000","Very Low","March 22, 2026 - March 28, 2026","2026-04-02T06:58:58.208Z"
"Delaware","ID:288","Sussex","4050","Very Low","March 22, 2026 - March 28, 2026","2026-04-02T06:58:58.208Z"
"Delaware","ID:283","New Castle","539000","Very Low","March 22, 2026 - March 28, 2026","2026-04-02T06:58:58.208Z"
"Delaware","ID:290","Sussex","13172","Low","March 22, 2026 - March 28, 2026","2026-04-02T06:58:58.208Z"
"Delaware","ID:286","Kent","130000","Low","March 22, 2026 - March 28, 2026","2026-04-02T06:58:58.208Z"
"Delaware","ID:284","Sussex","7000","Low","March 22, 2026 - March 28, 2026","2026-04-02T06:58:58.208Z"
"Delaware","ID:287","Sussex","4392","High","March 22, 2026 - March 28, 2026","2026-04-02T06:58:58.208Z"
"Delaware","ID:281","New Castle","17145","High","March 22, 2026 - March 28, 2026","2026-04-02T06:58:58.208Z"
"District of Columbia","ID:300","Fairfax, Prince Georges, District Of Columbia, Loudoun, Montgomery, Arlington","1600000","Very Low","March 22, 2026 - March 28, 2026","2026-04-02T06:58:58.208Z"
"Florida","ID:324","Orange, Seminole","95000","Very Low","March 22, 2026 - March 28, 2026","2026-04-02T06:58:58.208Z"
"Florida","ID:322","Sarasota","100000","Very Low","March 22, 2026 - March 28, 2026","2026-04-02T06:58:58.208Z"
"Florida","ID:319","Pinellas","94218","Very Low","March 22, 2026 - March 28, 2026","2026-04-02T06:58:58.208Z"
"Florida","ID:318","Pinellas","89847","Very Low","March 22, 2026 - March 28, 2026","2026-04-02T06:58:58.208Z"
"Florida","ID:315","Orange","463672","Very Low","March 22, 2026 - March 28, 2026","2026-04-02T06:58:58.208Z"
"Florida","ID:309","Miami-Dade","900000","Very Low","March 22, 2026 - March 28, 2026","2026-04-02T06:58:58.208Z"
"Florida","ID:308","Miami-Dade","829725","Very Low","March 22, 2026 - March 28, 2026","2026-04-02T06:58:58.208Z"
"Florida","ID:307","Leon","212065","Very Low","March 22, 2026 - March 28, 2026","2026-04-02T06:58:58.208Z"
"Florida","ID:304","Escambia","207000","Very Low","March 22, 2026 - March 28, 2026","2026-04-02T06:58:58.208Z"
"Florida","ID:316","Martin, Palm Beach","100000","Low","March 22, 2026 - March 28, 2026","2026-04-02T06:58:58.208Z"
"Florida","ID:314","Orange","66690","Low","March 22, 2026 - March 28, 2026","2026-04-02T06:58:58.208Z"
"Florida","ID:313","Orange","277823","Low","March 22, 2026 - March 28, 2026","2026-04-02T06:58:58.208Z"
"Florida","ID:312","Orange","80000","Low","March 22, 2026 - March 28, 2026","2026-04-02T06:58:58.208Z"
"Georgia","ID:353","Richmond","200000","Limited/No Data","March 22, 2026 - March 28, 2026","2026-04-02T06:58:58.208Z"
"Georgia","ID:349","Paulding","14000","Limited/No Data","March 22, 2026 - March 28, 2026","2026-04-02T06:58:58.208Z"
"Georgia","ID:348","Paulding","19000","Limited/No Data","March 22, 2026 - March 28, 2026","2026-04-02T06:58:58.208Z"
"Georgia","ID:347","Newton","22675","Limited/No Data","March 22, 2026 - March 28, 2026","2026-04-02T06:58:58.208Z"
"Georgia","ID:342","Gwinnett","496000","Limited/No Data","March 22, 2026 - March 28, 2026","2026-04-02T06:58:58.208Z"
"Georgia","ID:335","Forsyth","44000","Limited/No Data","March 22, 2026 - March 28, 2026","2026-04-02T06:58:58.208Z"
"Georgia","ID:334","Floyd","38111","Limited/No Data","March 22, 2026 - March 28, 2026","2026-04-02T06:58:58.208Z"
"Georgia","ID:333","Douglas","37256","Limited/No Data","March 22, 2026 - March 28, 2026","2026-04-02T06:58:58.208Z"
"Georgia","ID:330","Cobb","304020","Limited/No Data","March 22, 2026 - March 28, 2026","2026-04-02T06:58:58.208Z"
"Georgia","ID:329","Cobb","113079","Limited/No Data","March 22, 2026 - March 28, 2026","2026-04-02T06:58:58.208Z"
"Georgia","ID:328","Clayton","124000","Limited/No Data","March 22, 2026 - March 28, 2026","2026-04-02T06:58:58.208Z"
"Georgia","ID:327","Clarke","60000","Limited/No Data","March 22, 2026 - March 28, 2026","2026-04-02T06:58:58.208Z"
"Georgia","ID:2359","Peach","8008","Limited/No Data","March 22, 2026 - March 28, 2026","2026-04-02T06:58:58.208Z"
"Georgia","ID:341","Fulton","70887","Very Low","March 22, 2026 - March 28, 2026","2026-04-02T06:58:58.208Z"
"Georgia","ID:340","Fulton","105160","Very Low","March 22, 2026 - March 28, 2026","2026-04-02T06:58:58.208Z"
"Georgia","ID:339","Fulton","294660","Low","March 22, 2026 - March 28, 2026","2026-04-02T06:58:58.208Z"
"Georgia","ID:337","Fulton","189593","Low","March 22, 2026 - March 28, 2026","2026-04-02T06:58:58.208Z"
"Georgia","ID:336","Fulton","84486","Low","March 22, 2026 - March 28, 2026","2026-04-02T06:58:58.208Z"
"Georgia","ID:326","Cherokee, Fulton","12818","Low","March 22, 2026 - March 28, 2026","2026-04-02T06:58:58.208Z"
"Georgia","ID:346","Muscogee, Chattahoochee","278000","Moderate","March 22, 2026 - March 28, 2026","2026-04-02T06:58:58.208Z"
"Georgia","ID:338","Fulton","73821","Moderate","March 22, 2026 - March 28, 2026","2026-04-02T06:58:58.208Z"
"Guam","ID:2187","Guam","14535","Very Low","March 22, 2026 - March 28, 2026","2026-04-02T06:58:58.208Z"
"Guam","ID:2188","Guam","64247","Low","March 22, 2026 - March 28, 2026","2026-04-02T06:58:58.208Z"
"Guam","ID:2186","Guam","70486","Low","March 22, 2026 - March 28, 2026","2026-04-02T06:58:58.208Z"
"Hawaii","ID:369","Maui","58900","Very Low","March 22, 2026 - March 28, 2026","2026-04-02T06:58:58.208Z"
"Hawaii","ID:368","Maui","50700","Very Low","March 22, 2026 - March 28, 2026","2026-04-02T06:58:58.208Z"
"Hawaii","ID:367","Maui","46800","Very Low","March 22, 2026 - March 28, 2026","2026-04-02T06:58:58.208Z"
"Hawaii","ID:362","Honolulu","19000","Very Low","March 22, 2026 - March 28, 2026","2026-04-02T06:58:58.208Z"
"Hawaii","ID:361","Honolulu","47000","Very Low","March 22, 2026 - March 28, 2026","2026-04-02T06:58:58.208Z"
"Hawaii","ID:360","Honolulu","400000","Very Low","March 22, 2026 - March 28, 2026","2026-04-02T06:58:58.208Z"
"Hawaii","ID:358","Honolulu","101000","Very Low","March 22, 2026 - March 28, 2026","2026-04-02T06:58:58.208Z"
"Hawaii","ID:357","Hawaii","32604","Very Low","March 22, 2026 - March 28, 2026","2026-04-02T06:58:58.208Z"
"Hawaii","ID:359","Honolulu","340000","Low","March 22, 2026 - March 28, 2026","2026-04-02T06:58:58.208Z"
"Idaho","ID:386","Kootenai","50540","Very Low","March 22, 2026 - March 28, 2026","2026-04-02T06:58:58.208Z"
"Idaho","ID:372","Ada","206629","Very Low","March 22, 2026 - March 28, 2026","2026-04-02T06:58:58.208Z"
"Idaho","ID:370","Ada","97237","Very Low","March 22, 2026 - March 28, 2026","2026-04-02T06:58:58.208Z"
"Idaho","ID:2287","Latah","25500","Very Low","March 22, 2026 - March 28, 2026","2026-04-02T06:58:58.208Z"
"Illinois","ID:476","Morgan","23818","Limited/No Data","March 22, 2026 - March 28, 2026","2026-04-02T06:58:58.208Z"
"Illinois","ID:452","Knox","39153","Limited/No Data","March 22, 2026 - March 28, 2026","2026-04-02T06:58:58.208Z"
"Illinois","ID:408","Cass","5446","Limited/No Data","March 22, 2026 - March 28, 2026","2026-04-02T06:58:58.208Z"
"Illinois","ID:499","Winnebago","353599","Very Low","March 22, 2026 - March 28, 2026","2026-04-02T06:58:58.208Z"
"Illinois","ID:498","Will","50458","Very Low","March 22, 2026 - March 28, 2026","2026-04-02T06:58:58.208Z"
"Illinois","ID:497","Whiteside","18678","Very Low","March 22, 2026 - March 28, 2026","2026-04-02T06:58:58.208Z"
"Illinois","ID:496","Washington","3425","Very Low","March 22, 2026 - March 28, 2026","2026-04-02T06:58:58.208Z"
"Illinois","ID:495","Warren","10836","Very Low","March 22, 2026 - March 28, 2026","2026-04-02T06:58:58.208Z"
"Illinois","ID:494","Vermilion","30479","Very Low","March 22, 2026 - March 28, 2026","2026-04-02T06:58:58.208Z"
"Illinois","ID:490","Shelby","5329","Very Low","March 22, 2026 - March 28, 2026","2026-04-02T06:58:58.208Z"
"Illinois","ID:488","Sangamon","102000","Very Low","March 22, 2026 - March 28, 2026","2026-04-02T06:58:58.208Z"
"Illinois","ID:478","Perry","6448","Very Low","March 22, 2026 - March 28, 2026","2026-04-02T06:58:58.208Z"
"Illinois","ID:477","Peoria","131000","Very Low","March 22, 2026 - March 28, 2026","2026-04-02T06:58:58.208Z"
"Illinois","ID:471","Macoupin","4480","Very Low","March 22, 2026 - March 28, 2026","2026-04-02T06:58:58.208Z"
"Illinois","ID:470","Macon","88500","Very Low","March 22, 2026 - March 28, 2026","2026-04-02T06:58:58.208Z"
"Illinois","ID:465","Mchenry","15947","Very Low","March 22, 2026 - March 28, 2026","2026-04-02T06:58:58.208Z"
"Illinois","ID:464","Mchenry","10240","Very Low","March 22, 2026 - March 28, 2026","2026-04-02T06:58:58.208Z"
"Illinois","ID:463","Mchenry","15360","Very Low","March 22, 2026 - March 28, 2026","2026-04-02T06:58:58.208Z"
"Illinois","ID:462","Mchenry","4288","Very Low","March 22, 2026 - March 28, 2026","2026-04-02T06:58:58.208Z"
"Illinois","ID:461","Mchenry","36552","Very Low","March 22, 2026 - March 28, 2026","2026-04-02T06:58:58.208Z"
"Illinois","ID:459","Lee","15115","Very Low","March 22, 2026 - March 28, 2026","2026-04-02T06:58:58.208Z"
"Illinois","ID:457","La Salle","18768","Very Low","March 22, 2026 - March 28, 2026","2026-04-02T06:58:58.208Z"
"Illinois","ID:455","Lake","105208","Very Low","March 22, 2026 - March 28, 2026","2026-04-02T06:58:58.208Z"
"Illinois","ID:454","Lake","55735","Very Low","March 22, 2026 - March 28, 2026","2026-04-02T06:58:58.208Z"
"Illinois","ID:453","Lake","80000","Very Low","March 22, 2026 - March 28, 2026","2026-04-02T06:58:58.208Z"
"Illinois","ID:447","Jo Daviess","3460","Very Low","March 22, 2026 - March 28, 2026","2026-04-02T06:58:58.208Z"
"Illinois","ID:445","Iroquois","4700","Very Low","March 22, 2026 - March 28, 2026","2026-04-02T06:58:58.208Z"
"Illinois","ID:444","Greene","3064","Very Low","March 22, 2026 - March 28, 2026","2026-04-02T06:58:58.208Z"
"Illinois","ID:443","Fulton","13506","Very Low","March 22, 2026 - March 28, 2026","2026-04-02T06:58:58.208Z"
"Illinois","ID:442","Effingham","12384","Very Low","March 22, 2026 - March 28, 2026","2026-04-02T06:58:58.208Z"
"Illinois","ID:441","Du Page","63000","Very Low","March 22, 2026 - March 28, 2026","2026-04-02T06:58:58.208Z"
"Illinois","ID:440","Du Page","18800","Very Low","March 22, 2026 - March 28, 2026","2026-04-02T06:58:58.208Z"
"Illinois","ID:437","Du Page","45000","Very Low","March 22, 2026 - March 28, 2026","2026-04-02T06:58:58.208Z"
"Illinois","ID:431","Cook","270647","Very Low","March 22, 2026 - March 28, 2026","2026-04-02T06:58:58.208Z"
"Illinois","ID:419","Cook","1263110","Very Low","March 22, 2026 - March 28, 2026","2026-04-02T06:58:58.208Z"
"Illinois","ID:418","Cook","13098","Very Low","March 22, 2026 - March 28, 2026","2026-04-02T06:58:58.208Z"
"Illinois","ID:417","Cook","110394","Very Low","March 22, 2026 - March 28, 2026","2026-04-02T06:58:58.208Z"
"Illinois","ID:413","Cook","1134897","Very Low","March 22, 2026 - March 28, 2026","2026-04-02T06:58:58.208Z"
"Illinois","ID:409","Champaign","91041","Very Low","March 22, 2026 - March 28, 2026","2026-04-02T06:58:58.208Z"
"Illinois","ID:406","Bureau","5400","Very Low","March 22, 2026 - March 28, 2026","2026-04-02T06:58:58.208Z"
"Illinois","ID:405","Bureau","7555","Very Low","March 22, 2026 - March 28, 2026","2026-04-02T06:58:58.208Z"
"Illinois","ID:400","Adams","50695","Very Low","March 22, 2026 - March 28, 2026","2026-04-02T06:58:58.208Z"
"Illinois","ID:2433","Coles","17000","Very Low","March 22, 2026 - March 28, 2026","2026-04-02T06:58:58.208Z"
"Illinois","ID:2416","Kendall","286000","Very Low","March 22, 2026 - March 28, 2026","2026-04-02T06:58:58.208Z"
"Illinois","ID:2362","Kane","143088","Very Low","March 22, 2026 - March 28, 2026","2026-04-02T06:58:58.208Z"
"Illinois","ID:2361","Kane","44703","Very Low","March 22, 2026 - March 28, 2026","2026-04-02T06:58:58.208Z"
"Illinois","ID:2360","Kane","25766","Very Low","March 22, 2026 - March 28, 2026","2026-04-02T06:58:58.208Z"
"Illinois","ID:491","Stephenson","23650","Low","March 22, 2026 - March 28, 2026","2026-04-02T06:58:58.208Z"
"Illinois","ID:486","Saint Clair","32289","Low","March 22, 2026 - March 28, 2026","2026-04-02T06:58:58.208Z"
"Illinois","ID:484","Saint Clair","26150","Low","March 22, 2026 - March 28, 2026","2026-04-02T06:58:58.208Z"
"Illinois","ID:456","Lake","126629","Low","March 22, 2026 - March 28, 2026","2026-04-02T06:58:58.208Z"
"Illinois","ID:448","Kane","11290","Low","March 22, 2026 - March 28, 2026","2026-04-02T06:58:58.208Z"
"Illinois","ID:438","Du Page","86000","Low","March 22, 2026 - March 28, 2026","2026-04-02T06:58:58.208Z"
"Illinois","ID:435","Du Page","65000","Low","March 22, 2026 - March 28, 2026","2026-04-02T06:58:58.208Z"
"Illinois","ID:432","De Kalb","45000","Low","March 22, 2026 - March 28, 2026","2026-04-02T06:58:58.208Z"
"Illinois","ID:430","Cook","217106","Low","March 22, 2026 - March 28, 2026","2026-04-02T06:58:58.208Z"
"Illinois","ID:429","Cook","1127736","Low","March 22, 2026 - March 28, 2026","2026-04-02T06:58:58.208Z"
"Illinois","ID:423","Cook","1127737","Low","March 22, 2026 - March 28, 2026","2026-04-02T06:58:58.208Z"
"Illinois","ID:410","Champaign","52000","Low","March 22, 2026 - March 28, 2026","2026-04-02T06:58:58.208Z"
"Illinois","ID:407","Carroll","5615","Low","March 22, 2026 - March 28, 2026","2026-04-02T06:58:58.208Z"
"Illinois","ID:482","Rock Island","25202","Moderate","March 22, 2026 - March 28, 2026","2026-04-02T06:58:58.208Z"
"Illinois","ID:472","Madison","26000","Moderate","March 22, 2026 - March 28, 2026","2026-04-02T06:58:58.208Z"
"Illinois","ID:449","Kankakee","56317","Moderate","March 22, 2026 - March 28, 2026","2026-04-02T06:58:58.208Z"
"Illinois","ID:433","Du Page","40438","Moderate","March 22, 2026 - March 28, 2026","2026-04-02T06:58:58.208Z"
"Illinois","ID:489","Sangamon","50000","High","March 22, 2026 - March 28, 2026","2026-04-02T06:58:58.208Z"
"Illinois","ID:460","Mcdonough","15052","High","March 22, 2026 - March 28, 2026","2026-04-02T06:58:58.208Z"
"Illinois","ID:439","Du Page","164781","High","March 22, 2026 - March 28, 2026","2026-04-02T06:58:58.208Z"
"Illinois","ID:492","Tazewell","32540","Very High","March 22, 2026 - March 28, 2026","2026-04-02T06:58:58.208Z"
"Illinois","ID:487","Saint Clair","85593","Very High","March 22, 2026 - March 28, 2026","2026-04-02T06:58:58.208Z"
"Illinois","ID:485","Saint Clair","26150","Very High","March 22, 2026 - March 28, 2026","2026-04-02T06:58:58.208Z"
"Illinois","ID:483","Rock Island","43768","Very High","March 22, 2026 - March 28, 2026","2026-04-02T06:58:58.208Z"
"Illinois","ID:480","Randolph","6814","Very High","March 22, 2026 - March 28, 2026","2026-04-02T06:58:58.208Z"
"Illinois","ID:451","Kendall","23000","Very High","March 22, 2026 - March 28, 2026","2026-04-02T06:58:58.208Z"
"Illinois","ID:411","Christian","12663","Very High","March 22, 2026 - March 28, 2026","2026-04-02T06:58:58.208Z"
"Illinois","ID:401","Boone","25134","Very High","March 22, 2026 - March 28, 2026","2026-04-02T06:58:58.208Z"
"Indiana","ID:500","Allen","315000","Limited/No Data","March 22, 2026 - March 28, 2026","2026-04-02T06:58:58.208Z"
"Indiana","ID:2461","Tippecanoe","71000","Limited/No Data","March 22, 2026 - March 28, 2026","2026-04-02T06:58:58.208Z"
"Indiana","ID:530","Tippecanoe","60000","Very Low","March 22, 2026 - March 28, 2026","2026-04-02T06:58:58.208Z"
"Indiana","ID:529","St Joseph","130000","Very Low","March 22, 2026 - March 28, 2026","2026-04-02T06:58:58.208Z"
"Indiana","ID:522","Monroe","28350","Very Low","March 22, 2026 - March 28, 2026","2026-04-02T06:58:58.208Z"
"Indiana","ID:520","Marion","800000","Very Low","March 22, 2026 - March 28, 2026","2026-04-02T06:58:58.208Z"
"Indiana","ID:519","Lawrence","12000","Very Low","March 22, 2026 - March 28, 2026","2026-04-02T06:58:58.208Z"
"Indiana","ID:518","Lake","28000","Very Low","March 22, 2026 - March 28, 2026","2026-04-02T06:58:58.208Z"
"Indiana","ID:516","Kosciusko","21600","Very Low","March 22, 2026 - March 28, 2026","2026-04-02T06:58:58.208Z"
"Indiana","ID:514","Jasper","5800","Very Low","March 22, 2026 - March 28, 2026","2026-04-02T06:58:58.208Z"
"Indiana","ID:508","Dubois","16000","Very Low","March 22, 2026 - March 28, 2026","2026-04-02T06:58:58.208Z"
"Indiana","ID:507","Delaware","67000","Very Low","March 22, 2026 - March 28, 2026","2026-04-02T06:58:58.208Z"
"Indiana","ID:501","Bartholomew","50000","Very Low","March 22, 2026 - March 28, 2026","2026-04-02T06:58:58.208Z"
"Indiana","ID:2424","Elkhart","51600","Very Low","March 22, 2026 - March 28, 2026","2026-04-02T06:58:58.208Z"
"Indiana","ID:2343","Vanderburgh","55000","Very Low","March 22, 2026 - March 28, 2026","2026-04-02T06:58:58.208Z"
"Indiana","ID:2320","Warrick","10260","Very Low","March 22, 2026 - March 28, 2026","2026-04-02T06:58:58.208Z"
"Indiana","ID:532","Wayne","36000","Low","March 22, 2026 - March 28, 2026","2026-04-02T06:58:58.208Z"
"Indiana","ID:531","Vigo","58500","Low","March 22, 2026 - March 28, 2026","2026-04-02T06:58:58.208Z"
"Indiana","ID:523","Monroe","67500","Low","March 22, 2026 - March 28, 2026","2026-04-02T06:58:58.208Z"
"Indiana","ID:510","Hamilton","86000","Low","March 22, 2026 - March 28, 2026","2026-04-02T06:58:58.208Z"
"Indiana","ID:506","Clark","25000","Low","March 22, 2026 - March 28, 2026","2026-04-02T06:58:58.208Z"
"Indiana","ID:505","Clark","25000","Low","March 22, 2026 - March 28, 2026","2026-04-02T06:58:58.208Z"
"Indiana","ID:2405","Lake","200000","Low","March 22, 2026 - March 28, 2026","2026-04-02T06:58:58.208Z"
"Indiana","ID:511","Hamilton","98000","Moderate","March 22, 2026 - March 28, 2026","2026-04-02T06:58:58.208Z"
"Indiana","ID:509","Elkhart","35000","Moderate","March 22, 2026 - March 28, 2026","2026-04-02T06:58:58.208Z"
"Indiana","ID:2599","Porter","38882","Moderate","March 22, 2026 - March 28, 2026","2026-04-02T06:58:58.208Z"
"Indiana","ID:2344","Vanderburgh","61000","Moderate","March 22, 2026 - March 28, 2026","2026-04-02T06:58:58.208Z"
"Indiana","ID:524","Noble","10000","Very High","March 22, 2026 - March 28, 2026","2026-04-02T06:58:58.208Z"
"Indiana","ID:512","Howard","45000","Very High","March 22, 2026 - March 28, 2026","2026-04-02T06:58:58.208Z"
"Iowa","ID:2634","Polk","520000","Limited/No Data","March 22, 2026 - March 28, 2026","2026-04-02T06:58:58.208Z"
"Iowa","ID:2589","Story","66000","Limited/No Data","March 22, 2026 - March 28, 2026","2026-04-02T06:58:58.208Z"
"Iowa","ID:2588","Dubuque","59667","Limited/No Data","March 22, 2026 - March 28, 2026","2026-04-02T06:58:58.208Z"
"Iowa","ID:2462","Emmet","5904","Limited/No Data","March 22, 2026 - March 28, 2026","2026-04-02T06:58:58.208Z"
"Iowa","ID:2246","Linn","137210","Limited/No Data","March 22, 2026 - March 28, 2026","2026-04-02T06:58:58.208Z"
"Iowa","ID:2212","Scott","141344","Limited/No Data","March 22, 2026 - March 28, 2026","2026-04-02T06:58:58.208Z"
"Iowa","ID:541","Wapello","25529","Very Low","March 22, 2026 - March 28, 2026","2026-04-02T06:58:58.208Z"
"Iowa","ID:539","Marshall","27400","Very Low","March 22, 2026 - March 28, 2026","2026-04-02T06:58:58.208Z"
"Iowa","ID:535","Johnson","75000","Very Low","March 22, 2026 - March 28, 2026","2026-04-02T06:58:58.208Z"
"Iowa","ID:533","Clinton","29300","Very Low","March 22, 2026 - March 28, 2026","2026-04-02T06:58:58.208Z"
"Iowa","ID:543","Dakota, Woodbury, Union","110000","Low","March 22, 2026 - March 28, 2026","2026-04-02T06:58:58.208Z"
"Iowa","ID:536","Johnson","23000","Low","March 22, 2026 - March 28, 2026","2026-04-02T06:58:58.208Z"
"Iowa","ID:540","Muscatine","24400","Moderate","March 22, 2026 - March 28, 2026","2026-04-02T06:58:58.208Z"
"Kansas","ID:556","Wyandotte","90000","Very Low","March 22, 2026 - March 28, 2026","2026-04-02T06:58:58.208Z"
"Kansas","ID:548","Johnson","112076","Very Low","March 22, 2026 - March 28, 2026","2026-04-02T06:58:58.208Z"
"Kansas","ID:547","Johnson","66377","Very Low","March 22, 2026 - March 28, 2026","2026-04-02T06:58:58.208Z"
"Kansas","ID:555","Wyandotte","35000","Low","March 22, 2026 - March 28, 2026","2026-04-02T06:58:58.208Z"
"Kansas","ID:553","Shawnee","40000","Low","March 22, 2026 - March 28, 2026","2026-04-02T06:58:58.208Z"
"Kansas","ID:550","Johnson","54985","Low","March 22, 2026 - March 28, 2026","2026-04-02T06:58:58.208Z"
"Kansas","ID:549","Johnson","150442","Low","March 22, 2026 - March 28, 2026","2026-04-02T06:58:58.208Z"
"Kansas","ID:2211","Johnson","42235","Low","March 22, 2026 - March 28, 2026","2026-04-02T06:58:58.208Z"
"Kansas","ID:554","Shawnee","95000","Moderate","March 22, 2026 - March 28, 2026","2026-04-02T06:58:58.208Z"
"Kansas","ID:552","Saline","47000","Moderate","March 22, 2026 - March 28, 2026","2026-04-02T06:58:58.208Z"
"Kansas","ID:545","Douglas","80000","Moderate","March 22, 2026 - March 28, 2026","2026-04-02T06:58:58.208Z"
"Kansas","ID:557","Wyandotte","15000","High","March 22, 2026 - March 28, 2026","2026-04-02T06:58:58.208Z"
"Kansas","ID:551","Reno","39712","Very High","March 22, 2026 - March 28, 2026","2026-04-02T06:58:58.208Z"
"Kentucky","ID:585","Warren","67233","Limited/No Data","March 22, 2026 - March 28, 2026","2026-04-02T06:58:58.208Z"
"Kentucky","ID:581","Pulaski","7500","Limited/No Data","March 22, 2026 - March 28, 2026","2026-04-02T06:58:58.208Z"
"Kentucky","ID:583","Shelby","32160","Very Low","March 22, 2026 - March 28, 2026","2026-04-02T06:58:58.208Z"
"Kentucky","ID:578","Madison","37000","Very Low","March 22, 2026 - March 28, 2026","2026-04-02T06:58:58.208Z"
"Kentucky","ID:562","Calloway","28837","Very Low","March 22, 2026 - March 28, 2026","2026-04-02T06:58:58.208Z"
"Kentucky","ID:2239","Perry","7303","Very Low","March 22, 2026 - March 28, 2026","2026-04-02T06:58:58.208Z"
"Kentucky","ID:2210","Kenton","212000","Very Low","March 22, 2026 - March 28, 2026","2026-04-02T06:58:58.208Z"
"Kentucky","ID:2324","Jefferson","31269","Low","March 22, 2026 - March 28, 2026","2026-04-02T06:58:58.208Z"
"Kentucky","ID:2322","Jefferson","295910","Low","March 22, 2026 - March 28, 2026","2026-04-02T06:58:58.208Z"
"Kentucky","ID:2323","Jefferson","32460","Moderate","March 22, 2026 - March 28, 2026","2026-04-02T06:58:58.208Z"
"Kentucky","ID:2321","Jefferson","55928","Moderate","March 22, 2026 - March 28, 2026","2026-04-02T06:58:58.208Z"
"Kentucky","ID:2234","Boyd","21654","Moderate","March 22, 2026 - March 28, 2026","2026-04-02T06:58:58.208Z"
"Kentucky","ID:2238","Jessamine","164960","High","March 22, 2026 - March 28, 2026","2026-04-02T06:58:58.208Z"
"Kentucky","ID:568","Jefferson","423913","Very High","March 22, 2026 - March 28, 2026","2026-04-02T06:58:58.208Z"
"Kentucky","ID:2240","Pike","10435","Very High","March 22, 2026 - March 28, 2026","2026-04-02T06:58:58.208Z"
"Kentucky","ID:2237","Floyd","8187","Very High","March 22, 2026 - March 28, 2026","2026-04-02T06:58:58.208Z"
"Kentucky","ID:2236","Fayette","121386","Very High","March 22, 2026 - March 28, 2026","2026-04-02T06:58:58.208Z"
"Kentucky","ID:2235","Carter","4614","Very High","March 22, 2026 - March 28, 2026","2026-04-02T06:58:58.208Z"
"Louisiana","ID:639","Orleans","333406","Low","March 22, 2026 - March 28, 2026","2026-04-02T06:58:58.208Z"
"Louisiana","ID:655","Orleans","333406","Moderate","March 22, 2026 - March 28, 2026","2026-04-02T06:58:58.208Z"
"Maine","ID:714","Piscataquis","1000","Limited/No Data","March 22, 2026 - March 28, 2026","2026-04-02T06:58:58.208Z"
"Maine","ID:708","Knox","7000","Limited/No Data","March 22, 2026 - March 28, 2026","2026-04-02T06:58:58.208Z"
"Maine","ID:699","Cumberland","6100","Limited/No Data","March 22, 2026 - March 28, 2026","2026-04-02T06:58:58.208Z"
"Maine","ID:697","Aroostook","2400","Limited/No Data","March 22, 2026 - March 28, 2026","2026-04-02T06:58:58.208Z"
"Maine","ID:723","York","12000","Very Low","March 22, 2026 - March 28, 2026","2026-04-02T06:58:58.208Z"
"Maine","ID:722","York","20000","Very Low","March 22, 2026 - March 28, 2026","2026-04-02T06:58:58.208Z"
"Maine","ID:718","Waldo","4000","Very Low","March 22, 2026 - March 28, 2026","2026-04-02T06:58:58.208Z"
"Maine","ID:716","Sagadahoc","8700","Very Low","March 22, 2026 - March 28, 2026","2026-04-02T06:58:58.208Z"
"Maine","ID:703","Cumberland","6000","Very Low","March 22, 2026 - March 28, 2026","2026-04-02T06:58:58.208Z"
"Maine","ID:702","Cumberland","8500","Very Low","March 22, 2026 - March 28, 2026","2026-04-02T06:58:58.208Z"
"Maine","ID:698","Aroostook","5000","Very Low","March 22, 2026 - March 28, 2026","2026-04-02T06:58:58.208Z"
"Maine","ID:696","Aroostook","5740","Very Low","March 22, 2026 - March 28, 2026","2026-04-02T06:58:58.208Z"
"Maine","ID:695","Aroostook","5000","Very Low","March 22, 2026 - March 28, 2026","2026-04-02T06:58:58.208Z"
"Maine","ID:694","Androscoggin","60000","Very Low","March 22, 2026 - March 28, 2026","2026-04-02T06:58:58.208Z"
"Maine","ID:712","Penobscot","40000","Low","March 22, 2026 - March 28, 2026","2026-04-02T06:58:58.208Z"
"Maine","ID:709","Lincoln","2222","Low","March 22, 2026 - March 28, 2026","2026-04-02T06:58:58.208Z"
"Maine","ID:700","Cumberland","65000","Low","March 22, 2026 - March 28, 2026","2026-04-02T06:58:58.208Z"
"Maine","ID:707","Kennebec","5200","Moderate","March 22, 2026 - March 28, 2026","2026-04-02T06:58:58.208Z"
"Maine","ID:710","Oxford","1500","High","March 22, 2026 - March 28, 2026","2026-04-02T06:58:58.208Z"
"Maine","ID:701","Cumberland","17000","Very High","March 22, 2026 - March 28, 2026","2026-04-02T06:58:58.208Z"
"Maryland","ID:734","Garrett","3000","Low","March 22, 2026 - March 28, 2026","2026-04-02T06:58:58.208Z"
"Maryland","ID:731","Anne Arundel","78365","Low","March 22, 2026 - March 28, 2026","2026-04-02T06:58:58.208Z"
"Maryland","ID:730","Anne Arundel","22660","Low","March 22, 2026 - March 28, 2026","2026-04-02T06:58:58.208Z"
"Maryland","ID:728","Anne Arundel","11802","Low","March 22, 2026 - March 28, 2026","2026-04-02T06:58:58.208Z"
"Maryland","ID:726","Anne Arundel","89319","Low","March 22, 2026 - March 28, 2026","2026-04-02T06:58:58.208Z"
"Maryland","ID:737","Washington","90000","Moderate","March 22, 2026 - March 28, 2026","2026-04-02T06:58:58.208Z"
"Maryland","ID:729","Anne Arundel","150078","Moderate","March 22, 2026 - March 28, 2026","2026-04-02T06:58:58.208Z"
"Maryland","ID:2441","Montgomery","208364","Moderate","March 22, 2026 - March 28, 2026","2026-04-02T06:58:58.208Z"
"Maryland","ID:736","Saint Marys","55000","High","March 22, 2026 - March 28, 2026","2026-04-02T06:58:58.208Z"
"Maryland","ID:727","Anne Arundel","91838","Very High","March 22, 2026 - March 28, 2026","2026-04-02T06:58:58.208Z"
"Massachusetts","ID:752",,"1075656","Limited/No Data","March 22, 2026 - March 28, 2026","2026-04-02T06:58:58.208Z"
"Massachusetts","ID:743",,"1375228","Limited/No Data","March 22, 2026 - March 28, 2026","2026-04-02T06:58:58.208Z"
"Massachusetts","ID:760","Worcester","250000","Very Low","March 22, 2026 - March 28, 2026","2026-04-02T06:58:58.208Z"
"Massachusetts","ID:757","Worcester","42000","Very Low","March 22, 2026 - March 28, 2026","2026-04-02T06:58:58.208Z"
"Massachusetts","ID:741","Middlesex","228285","Very Low","March 22, 2026 - March 28, 2026","2026-04-02T06:58:58.208Z"
"Massachusetts","ID:740","Hampden","55000","Very Low","March 22, 2026 - March 28, 2026","2026-04-02T06:58:58.208Z"
"Massachusetts","ID:742","Suffolk, Middlesex, Worcester, Plymouth, Norfolk","2400000","Low","March 22, 2026 - March 28, 2026","2026-04-02T06:58:58.208Z"
"Michigan","ID:972","Oakland, Macomb","1482000","Limited/No Data","March 22, 2026 - March 28, 2026","2026-04-02T06:58:58.208Z"
"Michigan","ID:970","Macomb, Wayne","492000","Limited/No Data","March 22, 2026 - March 28, 2026","2026-04-02T06:58:58.208Z"
"Michigan","ID:967","Oakland, Wayne","840600","Limited/No Data","March 22, 2026 - March 28, 2026","2026-04-02T06:58:58.208Z"
"Michigan","ID:951","Schoolcraft","3412","Limited/No Data","March 22, 2026 - March 28, 2026","2026-04-02T06:58:58.208Z"
"Michigan","ID:911","Menominee","3842","Limited/No Data","March 22, 2026 - March 28, 2026","2026-04-02T06:58:58.208Z"
"Michigan","ID:904","Marquette","25000","Limited/No Data","March 22, 2026 - March 28, 2026","2026-04-02T06:58:58.208Z"
"Michigan","ID:900","Manistee","8154","Limited/No Data","March 22, 2026 - March 28, 2026","2026-04-02T06:58:58.208Z"
"Michigan","ID:811","Houghton","14000","Limited/No Data","March 22, 2026 - March 28, 2026","2026-04-02T06:58:58.208Z"
"Michigan","ID:809","Gratiot","8976","Limited/No Data","March 22, 2026 - March 28, 2026","2026-04-02T06:58:58.208Z"
"Michigan","ID:796","Gogebic","6500","Limited/No Data","March 22, 2026 - March 28, 2026","2026-04-02T06:58:58.208Z"
"Michigan","ID:788","Dickinson","13500","Limited/No Data","March 22, 2026 - March 28, 2026","2026-04-02T06:58:58.208Z"
"Michigan","ID:787","Delta","12600","Limited/No Data","March 22, 2026 - March 28, 2026","2026-04-02T06:58:58.208Z"
"Michigan","ID:990","Wexford","10450","Very Low","March 22, 2026 - March 28, 2026","2026-04-02T06:58:58.208Z"
"Michigan","ID:954","Washtenaw","150000","Very Low","March 22, 2026 - March 28, 2026","2026-04-02T06:58:58.208Z"
"Michigan","ID:912","Midland","40000","Very Low","March 22, 2026 - March 28, 2026","2026-04-02T06:58:58.208Z"
"Michigan","ID:860","Kent","145000","Very Low","March 22, 2026 - March 28, 2026","2026-04-02T06:58:58.208Z"
"Michigan","ID:815","Ingham","22500","Very Low","March 22, 2026 - March 28, 2026","2026-04-02T06:58:58.208Z"
"Michigan","ID:774","Calhoun","70000","Very Low","March 22, 2026 - March 28, 2026","2026-04-02T06:58:58.208Z"
"Michigan","ID:966","Washtenaw","330000","Low","March 22, 2026 - March 28, 2026","2026-04-02T06:58:58.208Z"
"Michigan","ID:896","Macomb","16300","Low","March 22, 2026 - March 28, 2026","2026-04-02T06:58:58.208Z"
"Michigan","ID:895","Macomb","140000","Low","March 22, 2026 - March 28, 2026","2026-04-02T06:58:58.208Z"
"Michigan","ID:886","Kent","75000","Low","March 22, 2026 - March 28, 2026","2026-04-02T06:58:58.208Z"
"Michigan","ID:833","Isabella","25629","Low","March 22, 2026 - March 28, 2026","2026-04-02T06:58:58.208Z"
"Michigan","ID:888","Lenawee","8680","Moderate","March 22, 2026 - March 28, 2026","2026-04-02T06:58:58.208Z"
"Michigan","ID:845","Jackson","90000","Moderate","March 22, 2026 - March 28, 2026","2026-04-02T06:58:58.208Z"
"Michigan","ID:794","Genesee","95000","Moderate","March 22, 2026 - March 28, 2026","2026-04-02T06:58:58.208Z"
"Michigan","ID:798","Grand Traverse","30623","High","March 22, 2026 - March 28, 2026","2026-04-02T06:58:58.208Z"
"Michigan","ID:910","Mecosta","21000","Very High","March 22, 2026 - March 28, 2026","2026-04-02T06:58:58.208Z"
"Minnesota","ID:993","Blue Earth, Nicollet","70000","Very Low","March 22, 2026 - March 28, 2026","2026-04-02T06:58:58.208Z"
"Minnesota","ID:2640","Wright","16168","Very Low","March 22, 2026 - March 28, 2026","2026-04-02T06:58:58.208Z"
"Minnesota","ID:1029","Washington","114148","Very Low","March 22, 2026 - March 28, 2026","2026-04-02T06:58:58.208Z"
"Minnesota","ID:1025","Scott, Hennepin, Carver","450074","Very Low","March 22, 2026 - March 28, 2026","2026-04-02T06:58:58.208Z"
"Minnesota","ID:1023","Saint Louis","5879","Very Low","March 22, 2026 - March 28, 2026","2026-04-02T06:58:58.208Z"
"Minnesota","ID:1022","Rice, Dakota","22502","Very Low","March 22, 2026 - March 28, 2026","2026-04-02T06:58:58.208Z"
"Minnesota","ID:1018","Otter Tail","14119","Very Low","March 22, 2026 - March 28, 2026","2026-04-02T06:58:58.208Z"
"Minnesota","ID:1016","Nobles","13947","Very Low","March 22, 2026 - March 28, 2026","2026-04-02T06:58:58.208Z"
"Minnesota","ID:1014","Morrison","9140","Very Low","March 22, 2026 - March 28, 2026","2026-04-02T06:58:58.208Z"
"Minnesota","ID:1011","Lyon","13628","Very Low","March 22, 2026 - March 28, 2026","2026-04-02T06:58:58.208Z"
"Minnesota","ID:1010","Le Sueur","5173","Very Low","March 22, 2026 - March 28, 2026","2026-04-02T06:58:58.208Z"
"Minnesota","ID:1008","Kandiyohi","21015","Very Low","March 22, 2026 - March 28, 2026","2026-04-02T06:58:58.208Z"
"Minnesota","ID:1007","Kandiyohi","5885","Very Low","March 22, 2026 - March 28, 2026","2026-04-02T06:58:58.208Z"
"Minnesota","ID:1006","Kanabec","3772","Very Low","March 22, 2026 - March 28, 2026","2026-04-02T06:58:58.208Z"
"Minnesota","ID:1004","Hennepin","12971","Very Low","March 22, 2026 - March 28, 2026","2026-04-02T06:58:58.208Z"
"Minnesota","ID:1002","Freeborn","18544","Very Low","March 22, 2026 - March 28, 2026","2026-04-02T06:58:58.208Z"
"Minnesota","ID:998","Dakota","22154","Low","March 22, 2026 - March 28, 2026","2026-04-02T06:58:58.208Z"
"Minnesota","ID:996","Dakota","185832","Low","March 22, 2026 - March 28, 2026","2026-04-02T06:58:58.208Z"
"Minnesota","ID:1028","Sherburne, Benton, Stearns","120961","Low","March 22, 2026 - March 28, 2026","2026-04-02T06:58:58.208Z"
"Minnesota","ID:1017","Olmsted","121395","Low","March 22, 2026 - March 28, 2026","2026-04-02T06:58:58.208Z"
"Minnesota","ID:997","Scott, Hennepin, Dakota","255624","Moderate","March 22, 2026 - March 28, 2026","2026-04-02T06:58:58.208Z"
"Minnesota","ID:1030","Washington","30355","Moderate","March 22, 2026 - March 28, 2026","2026-04-02T06:58:58.208Z"
"Minnesota","ID:1021","Anoka, Hennepin, Dakota, Ramsey, Washington","1955095","Moderate","March 22, 2026 - March 28, 2026","2026-04-02T06:58:58.208Z"
"Minnesota","ID:1003","Goodhue","16547","Moderate","March 22, 2026 - March 28, 2026","2026-04-02T06:58:58.208Z"
"Minnesota","ID:1027","Sherburne","25835","High","March 22, 2026 - March 28, 2026","2026-04-02T06:58:58.208Z"
"Minnesota","ID:991","Anoka","11786","Very High","March 22, 2026 - March 28, 2026","2026-04-02T06:58:58.208Z"
"Minnesota","ID:1000","Douglas","23378","Very High","March 22, 2026 - March 28, 2026","2026-04-02T06:58:58.208Z"
"Mississippi","ID:1035","Lafayette","25000","Limited/No Data","March 22, 2026 - March 28, 2026","2026-04-02T06:58:58.208Z"
"Mississippi","ID:1032","Hinds","150000","Limited/No Data","March 22, 2026 - March 28, 2026","2026-04-02T06:58:58.208Z"
"Mississippi","ID:1034","Jackson","34333","Moderate","March 22, 2026 - March 28, 2026","2026-04-02T06:58:58.208Z"
"Mississippi","ID:1033","Jackson","19008","Very High","March 22, 2026 - March 28, 2026","2026-04-02T06:58:58.208Z"
"Missouri","ID:1139","Saint Louis, Saint Louis City","306647","Limited/No Data","March 22, 2026 - March 28, 2026","2026-04-02T06:58:58.208Z"
"Missouri","ID:1137","Vernon","8082","Limited/No Data","March 22, 2026 - March 28, 2026","2026-04-02T06:58:58.208Z"
"Missouri","ID:1132","Scott, New Madrid","17000","Limited/No Data","March 22, 2026 - March 28, 2026","2026-04-02T06:58:58.208Z"
"Missouri","ID:1128","Saint Louis, Saint Charles","174537","Limited/No Data","March 22, 2026 - March 28, 2026","2026-04-02T06:58:58.208Z"
"Missouri","ID:1127","Saint Louis, Jefferson","66738","Limited/No Data","March 22, 2026 - March 28, 2026","2026-04-02T06:58:58.208Z"
"Missouri","ID:1126","Saint Louis","451367","Limited/No Data","March 22, 2026 - March 28, 2026","2026-04-02T06:58:58.208Z"
"Missouri","ID:1125","Saint Louis","115895","Limited/No Data","March 22, 2026 - March 28, 2026","2026-04-02T06:58:58.208Z"
"Missouri","ID:1124","Saint Louis, Jefferson","24174","Limited/No Data","March 22, 2026 - March 28, 2026","2026-04-02T06:58:58.208Z"
"Missouri","ID:1123","Saint Louis","149112","Limited/No Data","March 22, 2026 - March 28, 2026","2026-04-02T06:58:58.208Z"
"Missouri","ID:1120","Saint Charles","44852","Limited/No Data","March 22, 2026 - March 28, 2026","2026-04-02T06:58:58.208Z"
"Missouri","ID:1110","Platte, Clay","12855","Limited/No Data","March 22, 2026 - March 28, 2026","2026-04-02T06:58:58.208Z"
"Missouri","ID:1103","Newton","12000","Limited/No Data","March 22, 2026 - March 28, 2026","2026-04-02T06:58:58.208Z"
"Missouri","ID:1093","Livingston","9000","Limited/No Data","March 22, 2026 - March 28, 2026","2026-04-02T06:58:58.208Z"
"Missouri","ID:1079","Jasper","34403","Limited/No Data","March 22, 2026 - March 28, 2026","2026-04-02T06:58:58.208Z"
"Missouri","ID:1076","Jackson, Cass","367300","Limited/No Data","March 22, 2026 - March 28, 2026","2026-04-02T06:58:58.208Z"
"Missouri","ID:1075","Johnson, Jackson, Wyandotte","61250","Limited/No Data","March 22, 2026 - March 28, 2026","2026-04-02T06:58:58.208Z"
"Missouri","ID:1074","Johnson, Jackson, Cass","490000","Limited/No Data","March 22, 2026 - March 28, 2026","2026-04-02T06:58:58.208Z"
"Missouri","ID:1073","Johnson, Jackson, Cass","25000","Limited/No Data","March 22, 2026 - March 28, 2026","2026-04-02T06:58:58.208Z"
"Missouri","ID:1070","Howell","12000","Limited/No Data","March 22, 2026 - March 28, 2026","2026-04-02T06:58:58.208Z"
"Missouri","ID:1067","Greene, Christian","151966","Limited/No Data","March 22, 2026 - March 28, 2026","2026-04-02T06:58:58.208Z"
"Missouri","ID:1066","Greene","22818","Limited/No Data","March 22, 2026 - March 28, 2026","2026-04-02T06:58:58.208Z"
"Missouri","ID:1060","Dent","4512","Limited/No Data","March 22, 2026 - March 28, 2026","2026-04-02T06:58:58.208Z"
"Missouri","ID:1057","Clay","12000","Limited/No Data","March 22, 2026 - March 28, 2026","2026-04-02T06:58:58.208Z"
"Missouri","ID:1056","Platte, Clay","13940","Limited/No Data","March 22, 2026 - March 28, 2026","2026-04-02T06:58:58.208Z"
"Missouri","ID:1055","Platte, Clay","76759","Limited/No Data","March 22, 2026 - March 28, 2026","2026-04-02T06:58:58.208Z"
"Missouri","ID:1050","Scott, Cape Girardeau","33540","Limited/No Data","March 22, 2026 - March 28, 2026","2026-04-02T06:58:58.208Z"
"Missouri","ID:1049","Cole, Callaway","41153","Limited/No Data","March 22, 2026 - March 28, 2026","2026-04-02T06:58:58.208Z"
"Missouri","ID:1045","Boone","123180","Limited/No Data","March 22, 2026 - March 28, 2026","2026-04-02T06:58:58.208Z"
"Missouri","ID:1041","Barry, Lawrence","9100","Limited/No Data","March 22, 2026 - March 28, 2026","2026-04-02T06:58:58.208Z"
"Missouri","ID:1081","Jefferson","48000","Moderate","March 22, 2026 - March 28, 2026","2026-04-02T06:58:58.208Z"
"Montana","ID:2446","Blaine","1160","Very Low","March 22, 2026 - March 28, 2026","2026-04-02T06:58:58.208Z"
"Montana","ID:2435","Fergus","6149","Very Low","March 22, 2026 - March 28, 2026","2026-04-02T06:58:58.208Z"
"Montana","ID:1150","Silver Bow","35000","Very Low","March 22, 2026 - March 28, 2026","2026-04-02T06:58:58.208Z"
"Montana","ID:1149","Park","8700","Very Low","March 22, 2026 - March 28, 2026","2026-04-02T06:58:58.208Z"
"Montana","ID:1147","Lewis And Clark","37125","Very Low","March 22, 2026 - March 28, 2026","2026-04-02T06:58:58.208Z"
"Montana","ID:1146","Lewis And Clark","2273","Very Low","March 22, 2026 - March 28, 2026","2026-04-02T06:58:58.208Z"
"Montana","ID:1144","Hill","10000","Very Low","March 22, 2026 - March 28, 2026","2026-04-02T06:58:58.208Z"
"Nebraska","ID:1176","York","8000","Very Low","March 22, 2026 - March 28, 2026","2026-04-02T06:58:58.208Z"
"Nebraska","ID:1174","Scotts Bluff","15932","Very Low","March 22, 2026 - March 28, 2026","2026-04-02T06:58:58.208Z"
"Nebraska","ID:1172","Sarpy, Douglas","600000","Very Low","March 22, 2026 - March 28, 2026","2026-04-02T06:58:58.208Z"
"Nebraska","ID:1171","Platte","23000","Very Low","March 22, 2026 - March 28, 2026","2026-04-02T06:58:58.208Z"
"Nebraska","ID:1168","Lincoln","24000","Very Low","March 22, 2026 - March 28, 2026","2026-04-02T06:58:58.208Z"
"Nebraska","ID:1164","Lancaster","240000","Very Low","March 22, 2026 - March 28, 2026","2026-04-02T06:58:58.208Z"
"Nebraska","ID:1160","Holt","3700","Very Low","March 22, 2026 - March 28, 2026","2026-04-02T06:58:58.208Z"
"Nebraska","ID:1158","Hall","52000","Very Low","March 22, 2026 - March 28, 2026","2026-04-02T06:58:58.208Z"
"Nebraska","ID:1155","Dodge","28000","Very Low","March 22, 2026 - March 28, 2026","2026-04-02T06:58:58.208Z"
"Nebraska","ID:1153","Buffalo","33790","Very Low","March 22, 2026 - March 28, 2026","2026-04-02T06:58:58.208Z"
"Nebraska","ID:1152","Adams","24692","Very Low","March 22, 2026 - March 28, 2026","2026-04-02T06:58:58.208Z"
"Nebraska","ID:2463","Red Willow","7446","Low","March 22, 2026 - March 28, 2026","2026-04-02T06:58:58.208Z"
"Nebraska","ID:1169","Stanton, Madison","27000","Low","March 22, 2026 - March 28, 2026","2026-04-02T06:58:58.208Z"
"Nebraska","ID:1162","Lancaster","100000","Low","March 22, 2026 - March 28, 2026","2026-04-02T06:58:58.208Z"
"Nebraska","ID:1154","Dawes","5561","Low","March 22, 2026 - March 28, 2026","2026-04-02T06:58:58.208Z"
"Nebraska","ID:1156","Douglas","200000","High","March 22, 2026 - March 28, 2026","2026-04-02T06:58:58.208Z"
"Nevada","ID:2470","Clark","23500","Very Low","March 22, 2026 - March 28, 2026","2026-04-02T06:58:58.208Z"
"Nevada","ID:2468","Elko","20800","Very Low","March 22, 2026 - March 28, 2026","2026-04-02T06:58:58.208Z"
"Nevada","ID:2450","Washoe","28000","Very Low","March 22, 2026 - March 28, 2026","2026-04-02T06:58:58.208Z"
"Nevada","ID:1182","Carson City","60000","Very Low","March 22, 2026 - March 28, 2026","2026-04-02T06:58:58.208Z"
"Nevada","ID:1181","Washoe","350000","Very Low","March 22, 2026 - March 28, 2026","2026-04-02T06:58:58.208Z"
"Nevada","ID:1179","Clark","1250000","Very Low","March 22, 2026 - March 28, 2026","2026-04-02T06:58:58.208Z"
"Nevada","ID:2557","Clark","15023","Moderate","March 22, 2026 - March 28, 2026","2026-04-02T06:58:58.208Z"
"New Hampshire","ID:2606","Grafton","6000","Very Low","March 22, 2026 - March 28, 2026","2026-04-02T06:58:58.208Z"
"New Hampshire","ID:2598","Hillsborough","90000","Very Low","March 22, 2026 - March 28, 2026","2026-04-02T06:58:58.208Z"
"New Hampshire","ID:2469","Hillsborough","40000","Very Low","March 22, 2026 - March 28, 2026","2026-04-02T06:58:58.208Z"
"New Hampshire","ID:2442","Strafford","33000","Very Low","March 22, 2026 - March 28, 2026","2026-04-02T06:58:58.208Z"
"New Hampshire","ID:1198","Sullivan","6500","Very Low","March 22, 2026 - March 28, 2026","2026-04-02T06:58:58.208Z"
"New Hampshire","ID:1194","Rockingham","5000","Very Low","March 22, 2026 - March 28, 2026","2026-04-02T06:58:58.208Z"
"New Hampshire","ID:1192","Rockingham","20000","Very Low","March 22, 2026 - March 28, 2026","2026-04-02T06:58:58.208Z"
"New Hampshire","ID:1189","Hillsborough","26632","Very Low","March 22, 2026 - March 28, 2026","2026-04-02T06:58:58.208Z"
"New Hampshire","ID:1188","Hillsborough","172000","Very Low","March 22, 2026 - March 28, 2026","2026-04-02T06:58:58.208Z"
"New Hampshire","ID:1187","Grafton","7000","Very Low","March 22, 2026 - March 28, 2026","2026-04-02T06:58:58.208Z"
"New Hampshire","ID:1184","Cheshire","30000","Very Low","March 22, 2026 - March 28, 2026","2026-04-02T06:58:58.208Z"
"New Hampshire","ID:1183","Cumberland, Oxford, Belknap, Carroll","6500","Very Low","March 22, 2026 - March 28, 2026","2026-04-02T06:58:58.208Z"
"New Hampshire","ID:1197","Strafford","14923","Low","March 22, 2026 - March 28, 2026","2026-04-02T06:58:58.208Z"
"New Hampshire","ID:1196","Strafford","30000","Low","March 22, 2026 - March 28, 2026","2026-04-02T06:58:58.208Z"
"New Hampshire","ID:1195","Rockingham","40000","Low","March 22, 2026 - March 28, 2026","2026-04-02T06:58:58.208Z"
"New Hampshire","ID:1193","Rockingham","3500","Low","March 22, 2026 - March 28, 2026","2026-04-02T06:58:58.208Z"
"New Hampshire","ID:1186","Grafton","11000","Low","March 22, 2026 - March 28, 2026","2026-04-02T06:58:58.208Z"
"New Hampshire","ID:1185","Coos","9000","Low","March 22, 2026 - March 28, 2026","2026-04-02T06:58:58.208Z"
"New Jersey","ID:1203","Burlington","19980","Limited/No Data","March 22, 2026 - March 28, 2026","2026-04-02T06:58:58.208Z"
"New Jersey","ID:1200","Atlantic","12000","Limited/No Data","March 22, 2026 - March 28, 2026","2026-04-02T06:58:58.208Z"
"New Jersey","ID:2366","Camden","525000","Very Low","March 22, 2026 - March 28, 2026","2026-04-02T06:58:58.208Z"
"New Jersey","ID:1224","Essex, Union","1300000","Very Low","March 22, 2026 - March 28, 2026","2026-04-02T06:58:58.208Z"
"New Jersey","ID:1220","Passaic","54000","Very Low","March 22, 2026 - March 28, 2026","2026-04-02T06:58:58.208Z"
"New Jersey","ID:1219","Morris","90000","Very Low","March 22, 2026 - March 28, 2026","2026-04-02T06:58:58.208Z"
"New Jersey","ID:1218","Morris","24530","Very Low","March 22, 2026 - March 28, 2026","2026-04-02T06:58:58.208Z"
"New Jersey","ID:1216","Monmouth","47357","Very Low","March 22, 2026 - March 28, 2026","2026-04-02T06:58:58.208Z"
"New Jersey","ID:1208","Hudson","145000","Very Low","March 22, 2026 - March 28, 2026","2026-04-02T06:58:58.208Z"
"New Jersey","ID:1205","Cumberland","30000","Very Low","March 22, 2026 - March 28, 2026","2026-04-02T06:58:58.208Z"
"New Jersey","ID:1201","Atlantic","250000","Very Low","March 22, 2026 - March 28, 2026","2026-04-02T06:58:58.208Z"
"New Jersey","ID:2637","Somerset","130000","Low","March 22, 2026 - March 28, 2026","2026-04-02T06:58:58.208Z"
"New Jersey","ID:1225","Union","204148","Low","March 22, 2026 - March 28, 2026","2026-04-02T06:58:58.208Z"
"New Jersey","ID:1223","Sussex","7751","Low","March 22, 2026 - March 28, 2026","2026-04-02T06:58:58.208Z"
"New Jersey","ID:1211","Hunterdon","9440","Low","March 22, 2026 - March 28, 2026","2026-04-02T06:58:58.208Z"
"New Jersey","ID:1204","Cumberland","50000","Low","March 22, 2026 - March 28, 2026","2026-04-02T06:58:58.208Z"
"New Jersey","ID:2636","Monmouth","100000","Moderate","March 22, 2026 - March 28, 2026","2026-04-02T06:58:58.208Z"
"New Jersey","ID:1221","Salem","5500","Moderate","March 22, 2026 - March 28, 2026","2026-04-02T06:58:58.208Z"
"New Jersey","ID:1217","Monmouth","50000","Moderate","March 22, 2026 - March 28, 2026","2026-04-02T06:58:58.208Z"
"New Jersey","ID:1213","Middlesex, Somerset, Union","880000","Moderate","March 22, 2026 - March 28, 2026","2026-04-02T06:58:58.208Z"
"New Jersey","ID:1206","Essex, Hudson, Passaic, Union, Bergen","1500000","Moderate","March 22, 2026 - March 28, 2026","2026-04-02T06:58:58.208Z"
"New Jersey","ID:1222","Somerset","7000","High","March 22, 2026 - March 28, 2026","2026-04-02T06:58:58.208Z"
"New Jersey","ID:1202","Bergen","564563","High","March 22, 2026 - March 28, 2026","2026-04-02T06:58:58.208Z"
"New Jersey","ID:2593","Mercer","76500","Very High","March 22, 2026 - March 28, 2026","2026-04-02T06:58:58.208Z"
"New Jersey","ID:1215","Monmouth","52672","Very High","March 22, 2026 - March 28, 2026","2026-04-02T06:58:58.208Z"
"New Mexico","ID:1243","Santa Fe","87000","Very Low","March 22, 2026 - March 28, 2026","2026-04-02T06:58:58.208Z"
"New Mexico","ID:1241","Sandoval","101750","Very Low","March 22, 2026 - March 28, 2026","2026-04-02T06:58:58.208Z"
"New Mexico","ID:1238","Luna","14000","Very Low","March 22, 2026 - March 28, 2026","2026-04-02T06:58:58.208Z"
"New Mexico","ID:1233","Dona Ana","89719","Very Low","March 22, 2026 - March 28, 2026","2026-04-02T06:58:58.208Z"
"New Mexico","ID:1232","Dona Ana","8127","Very Low","March 22, 2026 - March 28, 2026","2026-04-02T06:58:58.208Z"
"New Mexico","ID:1227","Chaves","50000","Very Low","March 22, 2026 - March 28, 2026","2026-04-02T06:58:58.208Z"
"New Mexico","ID:1226","Bernalillo","650000","Very Low","March 22, 2026 - March 28, 2026","2026-04-02T06:58:58.208Z"
"New York","ID:2566","Oneida","55215","Limited/No Data","March 22, 2026 - March 28, 2026","2026-04-02T06:58:58.208Z"
"New York","ID:2564","Nassau","33939","Limited/No Data","March 22, 2026 - March 28, 2026","2026-04-02T06:58:58.208Z"
"New York","ID:2562","Erie","14742","Limited/No Data","March 22, 2026 - March 28, 2026","2026-04-02T06:58:58.208Z"
"New York","ID:1433","Ulster","10577","Limited/No Data","March 22, 2026 - March 28, 2026","2026-04-02T06:58:58.208Z"
"New York","ID:1421","Suffolk","278775","Limited/No Data","March 22, 2026 - March 28, 2026","2026-04-02T06:58:58.208Z"
"New York","ID:1420","Suffolk","24147","Limited/No Data","March 22, 2026 - March 28, 2026","2026-04-02T06:58:58.208Z"
"New York","ID:1417","Suffolk","28183","Limited/No Data","March 22, 2026 - March 28, 2026","2026-04-02T06:58:58.208Z"
"New York","ID:1416","Suffolk","6280","Limited/No Data","March 22, 2026 - March 28, 2026","2026-04-02T06:58:58.208Z"
"New York","ID:1414","Suffolk","3349","Limited/No Data","March 22, 2026 - March 28, 2026","2026-04-02T06:58:58.208Z"
"New York","ID:1407","Schuyler","3656","Limited/No Data","March 22, 2026 - March 28, 2026","2026-04-02T06:58:58.208Z"
"New York","ID:1394","Rockland","53437","Limited/No Data","March 22, 2026 - March 28, 2026","2026-04-02T06:58:58.208Z"
"New York","ID:1377","Oswego","12117","Limited/No Data","March 22, 2026 - March 28, 2026","2026-04-02T06:58:58.208Z"
"New York","ID:1362","Ontario","17936","Limited/No Data","March 22, 2026 - March 28, 2026","2026-04-02T06:58:58.208Z"
"New York","ID:1360","Onondaga","3272","Limited/No Data","March 22, 2026 - March 28, 2026","2026-04-02T06:58:58.208Z"
"New York","ID:1343","Niagara","5632","Limited/No Data","March 22, 2026 - March 28, 2026","2026-04-02T06:58:58.208Z"
"New York","ID:1336","Nassau","8288","Limited/No Data","March 22, 2026 - March 28, 2026","2026-04-02T06:58:58.208Z"
"New York","ID:1335","Nassau","20616","Limited/No Data","March 22, 2026 - March 28, 2026","2026-04-02T06:58:58.208Z"
"New York","ID:1334","Nassau","5824","Limited/No Data","March 22, 2026 - March 28, 2026","2026-04-02T06:58:58.208Z"
"New York","ID:1332","Nassau","24041","Limited/No Data","March 22, 2026 - March 28, 2026","2026-04-02T06:58:58.208Z"
"New York","ID:1324","Monroe","155096","Limited/No Data","March 22, 2026 - March 28, 2026","2026-04-02T06:58:58.208Z"
"New York","ID:1319","Madison","4908","Limited/No Data","March 22, 2026 - March 28, 2026","2026-04-02T06:58:58.208Z"
"New York","ID:1316","Livingston","5361","Limited/No Data","March 22, 2026 - March 28, 2026","2026-04-02T06:58:58.208Z"
"New York","ID:1313","Lewis","3953","Limited/No Data","March 22, 2026 - March 28, 2026","2026-04-02T06:58:58.208Z"
"New York","ID:1306","Jefferson","23485","Limited/No Data","March 22, 2026 - March 28, 2026","2026-04-02T06:58:58.208Z"
"New York","ID:1278","Dutchess","38207","Limited/No Data","March 22, 2026 - March 28, 2026","2026-04-02T06:58:58.208Z"
"New York","ID:2567","Oneida","33358","Very Low","March 22, 2026 - March 28, 2026","2026-04-02T06:58:58.208Z"
"New York","ID:2563","Essex","6264","Very Low","March 22, 2026 - March 28, 2026","2026-04-02T06:58:58.208Z"
"New York","ID:1449","Yates","5339","Very Low","March 22, 2026 - March 28, 2026","2026-04-02T06:58:58.208Z"
"New York","ID:1448","Wyoming","3448","Very Low","March 22, 2026 - March 28, 2026","2026-04-02T06:58:58.208Z"
"New York","ID:1444","Westchester","31046","Very Low","March 22, 2026 - March 28, 2026","2026-04-02T06:58:58.208Z"
"New York","ID:1440","Wayne","5145","Very Low","March 22, 2026 - March 28, 2026","2026-04-02T06:58:58.208Z"
"New York","ID:1439","Wayne","8931","Very Low","March 22, 2026 - March 28, 2026","2026-04-02T06:58:58.208Z"
"New York","ID:1435","Warren","23462","Very Low","March 22, 2026 - March 28, 2026","2026-04-02T06:58:58.208Z"
"New York","ID:1432","Ulster","26599","Very Low","March 22, 2026 - March 28, 2026","2026-04-02T06:58:58.208Z"
"New York","ID:1431","Tompkins","90000","Very Low","March 22, 2026 - March 28, 2026","2026-04-02T06:58:58.208Z"
"New York","ID:1429","Tioga","3750","Very Low","March 22, 2026 - March 28, 2026","2026-04-02T06:58:58.208Z"
"New York","ID:1425","Sullivan","4925","Very Low","March 22, 2026 - March 28, 2026","2026-04-02T06:58:58.208Z"
"New York","ID:1424","Sullivan","6639","Very Low","March 22, 2026 - March 28, 2026","2026-04-02T06:58:58.208Z"
"New York","ID:1412","Steuben","5162","Very Low","March 22, 2026 - March 28, 2026","2026-04-02T06:58:58.208Z"
"New York","ID:1410","Steuben","5941","Very Low","March 22, 2026 - March 28, 2026","2026-04-02T06:58:58.208Z"
"New York","ID:1409","Seneca","6160","Very Low","March 22, 2026 - March 28, 2026","2026-04-02T06:58:58.208Z"
"New York","ID:1403","Saint Lawrence","12114","Very Low","March 22, 2026 - March 28, 2026","2026-04-02T06:58:58.208Z"
"New York","ID:1401","Saint Lawrence","10794","Very Low","March 22, 2026 - March 28, 2026","2026-04-02T06:58:58.208Z"
"New York","ID:1400","Saint Lawrence","4705","Very Low","March 22, 2026 - March 28, 2026","2026-04-02T06:58:58.208Z"
"New York","ID:1399","Saint Lawrence","14475","Very Low","March 22, 2026 - March 28, 2026","2026-04-02T06:58:58.208Z"
"New York","ID:1398","Rockland","4115","Very Low","March 22, 2026 - March 28, 2026","2026-04-02T06:58:58.208Z"
"New York","ID:1389","Rensselaer","79699","Very Low","March 22, 2026 - March 28, 2026","2026-04-02T06:58:58.208Z"
"New York","ID:1375","Orleans","6191","Very Low","March 22, 2026 - March 28, 2026","2026-04-02T06:58:58.208Z"
"New York","ID:1367","Orange","42921","Very Low","March 22, 2026 - March 28, 2026","2026-04-02T06:58:58.208Z"
"New York","ID:1364","Orange","6369","Very Low","March 22, 2026 - March 28, 2026","2026-04-02T06:58:58.208Z"
"New York","ID:1359","Onondaga","50727","Very Low","March 22, 2026 - March 28, 2026","2026-04-02T06:58:58.208Z"
"New York","ID:1357","Onondaga","242377","Very Low","March 22, 2026 - March 28, 2026","2026-04-02T06:58:58.208Z"
"New York","ID:1356","Onondaga","39352","Very Low","March 22, 2026 - March 28, 2026","2026-04-02T06:58:58.208Z"
"New York","ID:1353","Oneida","6076","Very Low","March 22, 2026 - March 28, 2026","2026-04-02T06:58:58.208Z"
"New York","ID:1351","Oneida","3210","Very Low","March 22, 2026 - March 28, 2026","2026-04-02T06:58:58.208Z"
"New York","ID:1350","Oneida","3990","Very Low","March 22, 2026 - March 28, 2026","2026-04-02T06:58:58.208Z"
"New York","ID:1346","Oneida","27849","Very Low","March 22, 2026 - March 28, 2026","2026-04-02T06:58:58.208Z"
"New York","ID:1341","Niagara","31032","Very Low","March 22, 2026 - March 28, 2026","2026-04-02T06:58:58.208Z"
"New York","ID:1339","Niagara","48196","Very Low","March 22, 2026 - March 28, 2026","2026-04-02T06:58:58.208Z"
"New York","ID:1327","Montgomery","19679","Very Low","March 22, 2026 - March 28, 2026","2026-04-02T06:58:58.208Z"
"New York","ID:1326","Monroe","6400","Very Low","March 22, 2026 - March 28, 2026","2026-04-02T06:58:58.208Z"
"New York","ID:1325","Monroe","43074","Very Low","March 22, 2026 - March 28, 2026","2026-04-02T06:58:58.208Z"
"New York","ID:1323","Monroe","487322","Very Low","March 22, 2026 - March 28, 2026","2026-04-02T06:58:58.208Z"
"New York","ID:1318","Madison","4843","Very Low","March 22, 2026 - March 28, 2026","2026-04-02T06:58:58.208Z"
"New York","ID:1317","Livingston","3288","Very Low","March 22, 2026 - March 28, 2026","2026-04-02T06:58:58.208Z"
"New York","ID:1315","Livingston","15688","Very Low","March 22, 2026 - March 28, 2026","2026-04-02T06:58:58.208Z"
"New York","ID:1314","Livingston","4730","Very Low","March 22, 2026 - March 28, 2026","2026-04-02T06:58:58.208Z"
"New York","ID:1305","Jefferson","26270","Very Low","March 22, 2026 - March 28, 2026","2026-04-02T06:58:58.208Z"
"New York","ID:1304","Herkimer","13924","Very Low","March 22, 2026 - March 28, 2026","2026-04-02T06:58:58.208Z"
"New York","ID:1301","Greene","4896","Very Low","March 22, 2026 - March 28, 2026","2026-04-02T06:58:58.208Z"
"New York","ID:1293","Essex","3263","Very Low","March 22, 2026 - March 28, 2026","2026-04-02T06:58:58.208Z"
"New York","ID:1291","Essex","3076","Very Low","March 22, 2026 - March 28, 2026","2026-04-02T06:58:58.208Z"
"New York","ID:1287","Erie","83961","Very Low","March 22, 2026 - March 28, 2026","2026-04-02T06:58:58.208Z"
"New York","ID:1285","Erie","24461","Very Low","March 22, 2026 - March 28, 2026","2026-04-02T06:58:58.208Z"
"New York","ID:1283","Erie","6908","Very Low","March 22, 2026 - March 28, 2026","2026-04-02T06:58:58.208Z"
"New York","ID:1279","Dutchess","13856","Very Low","March 22, 2026 - March 28, 2026","2026-04-02T06:58:58.208Z"
"New York","ID:1272","Delaware","3581","Very Low","March 22, 2026 - March 28, 2026","2026-04-02T06:58:58.208Z"
"New York","ID:1270","Cortland","26950","Very Low","March 22, 2026 - March 28, 2026","2026-04-02T06:58:58.208Z"
"New York","ID:1269","Columbia","6374","Very Low","March 22, 2026 - March 28, 2026","2026-04-02T06:58:58.208Z"
"New York","ID:1264","Clinton","5532","Very Low","March 22, 2026 - March 28, 2026","2026-04-02T06:58:58.208Z"
"New York","ID:1263","Chenango","6734","Very Low","March 22, 2026 - March 28, 2026","2026-04-02T06:58:58.208Z"
"New York","ID:1262","Chemung","18085","Very Low","March 22, 2026 - March 28, 2026","2026-04-02T06:58:58.208Z"
"New York","ID:1261","Chemung","38037","Very Low","March 22, 2026 - March 28, 2026","2026-04-02T06:58:58.208Z"
"New York","ID:1260","Chautauqua","3365","Very Low","March 22, 2026 - March 28, 2026","2026-04-02T06:58:58.208Z"
"New York","ID:1259","Chautauqua","32501","Very Low","March 22, 2026 - March 28, 2026","2026-04-02T06:58:58.208Z"
"New York","ID:1258","Chautauqua","12616","Very Low","March 22, 2026 - March 28, 2026","2026-04-02T06:58:58.208Z"
"New York","ID:1257","Chautauqua","9379","Very Low","March 22, 2026 - March 28, 2026","2026-04-02T06:58:58.208Z"
"New York","ID:1256","Cayuga","31814","Very Low","March 22, 2026 - March 28, 2026","2026-04-02T06:58:58.208Z"
"New York","ID:1255","Cattaraugus","17760","Very Low","March 22, 2026 - March 28, 2026","2026-04-02T06:58:58.208Z"
"New York","ID:1254","Broome","38726","Very Low","March 22, 2026 - March 28, 2026","2026-04-02T06:58:58.208Z"
"New York","ID:1247","Albany","109426","Very Low","March 22, 2026 - March 28, 2026","2026-04-02T06:58:58.208Z"
"New York","ID:1246","Albany","31023","Very Low","March 22, 2026 - March 28, 2026","2026-04-02T06:58:58.208Z"
"New York","ID:1244","Albany","80922","Very Low","March 22, 2026 - March 28, 2026","2026-04-02T06:58:58.208Z"
"New York","ID:2561","Erie","71131","Low","March 22, 2026 - March 28, 2026","2026-04-02T06:58:58.208Z"
"New York","ID:1447","Westchester","40301","Low","March 22, 2026 - March 28, 2026","2026-04-02T06:58:58.208Z"
"New York","ID:1446","Westchester","26651","Low","March 22, 2026 - March 28, 2026","2026-04-02T06:58:58.208Z"
"New York","ID:1443","Westchester","44876","Low","March 22, 2026 - March 28, 2026","2026-04-02T06:58:58.208Z"
"New York","ID:1437","Washington","12260","Low","March 22, 2026 - March 28, 2026","2026-04-02T06:58:58.208Z"
"New York","ID:1415","Suffolk","7741","Low","March 22, 2026 - March 28, 2026","2026-04-02T06:58:58.208Z"
"New York","ID:1404","Saratoga","152482","Low","March 22, 2026 - March 28, 2026","2026-04-02T06:58:58.208Z"
"New York","ID:1402","Saint Lawrence","22552","Low","March 22, 2026 - March 28, 2026","2026-04-02T06:58:58.208Z"
"New York","ID:1396","Rockland","12676","Low","March 22, 2026 - March 28, 2026","2026-04-02T06:58:58.208Z"
"New York","ID:1395","Rockland","207430","Low","March 22, 2026 - March 28, 2026","2026-04-02T06:58:58.208Z"
"New York","ID:1381","Otsego","19383","Low","March 22, 2026 - March 28, 2026","2026-04-02T06:58:58.208Z"
"New York","ID:1370","Orange","28914","Low","March 22, 2026 - March 28, 2026","2026-04-02T06:58:58.208Z"
"New York","ID:1366","Orange","36227","Low","March 22, 2026 - March 28, 2026","2026-04-02T06:58:58.208Z"
"New York","ID:1361","Onondaga","25965","Low","March 22, 2026 - March 28, 2026","2026-04-02T06:58:58.208Z"
"New York","ID:1330","Nassau","524955","Low","March 22, 2026 - March 28, 2026","2026-04-02T06:58:58.208Z"
"New York","ID:1300","Genesee","4191","Low","March 22, 2026 - March 28, 2026","2026-04-02T06:58:58.208Z"
"New York","ID:1296","Franklin","7175","Low","March 22, 2026 - March 28, 2026","2026-04-02T06:58:58.208Z"
"New York","ID:1284","Erie","17983","Low","March 22, 2026 - March 28, 2026","2026-04-02T06:58:58.208Z"
"New York","ID:1281","Erie","142478","Low","March 22, 2026 - March 28, 2026","2026-04-02T06:58:58.208Z"
"New York","ID:1277","Dutchess","21516","Low","March 22, 2026 - March 28, 2026","2026-04-02T06:58:58.208Z"
"New York","ID:1266","Clinton","20893","Low","March 22, 2026 - March 28, 2026","2026-04-02T06:58:58.208Z"
"New York","ID:1245","Albany","21281","Low","March 22, 2026 - March 28, 2026","2026-04-02T06:58:58.208Z"
"New York","ID:1441","Westchester","78683","Moderate","March 22, 2026 - March 28, 2026","2026-04-02T06:58:58.208Z"
"New York","ID:1408","Seneca","6961","Moderate","March 22, 2026 - March 28, 2026","2026-04-02T06:58:58.208Z"
"New York","ID:1405","Schenectady","78444","Moderate","March 22, 2026 - March 28, 2026","2026-04-02T06:58:58.208Z"
"New York","ID:1397","Rockland","10890","Moderate","March 22, 2026 - March 28, 2026","2026-04-02T06:58:58.208Z"
"New York","ID:1371","Orange","6729","Moderate","March 22, 2026 - March 28, 2026","2026-04-02T06:58:58.208Z"
"New York","ID:1369","Orange","6563","Moderate","March 22, 2026 - March 28, 2026","2026-04-02T06:58:58.208Z"
"New York","ID:1368","Orange","8568","Moderate","March 22, 2026 - March 28, 2026","2026-04-02T06:58:58.208Z"
"New York","ID:1365","Orange","27434","Moderate","March 22, 2026 - March 28, 2026","2026-04-02T06:58:58.208Z"
"New York","ID:1354","Onondaga","30613","Moderate","March 22, 2026 - March 28, 2026","2026-04-02T06:58:58.208Z"
"New York","ID:1331","Nassau","27494","Moderate","March 22, 2026 - March 28, 2026","2026-04-02T06:58:58.208Z"
"New York","ID:1298","Genesee","16459","Moderate","March 22, 2026 - March 28, 2026","2026-04-02T06:58:58.208Z"
"New York","ID:1445","Westchester","523765","High","March 22, 2026 - March 28, 2026","2026-04-02T06:58:58.208Z"
"New York","ID:1382","Putnam","4480","High","March 22, 2026 - March 28, 2026","2026-04-02T06:58:58.208Z"
"New York","ID:1442","Westchester","94095","Very High","March 22, 2026 - March 28, 2026","2026-04-02T06:58:58.208Z"
"New York","ID:1406","Schoharie","5326","Very High","March 22, 2026 - March 28, 2026","2026-04-02T06:58:58.208Z"
"New York","ID:1393","Rockland","36527","Very High","March 22, 2026 - March 28, 2026","2026-04-02T06:58:58.208Z"
"New York","ID:1390","Rensselaer","13720","Very High","March 22, 2026 - March 28, 2026","2026-04-02T06:58:58.208Z"
"New York","ID:1380","Oswego","8849","Very High","March 22, 2026 - March 28, 2026","2026-04-02T06:58:58.208Z"
"New York","ID:1378","Oswego","30000","Very High","March 22, 2026 - March 28, 2026","2026-04-02T06:58:58.208Z"
"New York","ID:1355","Onondaga","16168","Very High","March 22, 2026 - March 28, 2026","2026-04-02T06:58:58.208Z"
"New York","ID:1329","Nassau","611349","Very High","March 22, 2026 - March 28, 2026","2026-04-02T06:58:58.208Z"
"New York","ID:1307","Jefferson","4077","Very High","March 22, 2026 - March 28, 2026","2026-04-02T06:58:58.208Z"
"North Carolina","ID:1492","Scotland","15527","Limited/No Data","March 22, 2026 - March 28, 2026","2026-04-02T06:58:58.208Z"
"North Carolina","ID:1486","Durham, Orange","78141","Limited/No Data","March 22, 2026 - March 28, 2026","2026-04-02T06:58:58.208Z"
"North Carolina","ID:1485","Onslow","41819","Limited/No Data","March 22, 2026 - March 28, 2026","2026-04-02T06:58:58.208Z"
"North Carolina","ID:1479","Mecklenburg","120000","Limited/No Data","March 22, 2026 - March 28, 2026","2026-04-02T06:58:58.208Z"
"North Carolina","ID:1472","Jackson","13296","Limited/No Data","March 22, 2026 - March 28, 2026","2026-04-02T06:58:58.208Z"
"North Carolina","ID:1470","Northampton, Halifax","14320","Limited/No Data","March 22, 2026 - March 28, 2026","2026-04-02T06:58:58.208Z"
"North Carolina","ID:1462","Forsyth","178000","Limited/No Data","March 22, 2026 - March 28, 2026","2026-04-02T06:58:58.208Z"
"North Carolina","ID:1459","Cumberland","151589","Limited/No Data","March 22, 2026 - March 28, 2026","2026-04-02T06:58:58.208Z"
"North Carolina","ID:1501","Wake","550000","Very Low","March 22, 2026 - March 28, 2026","2026-04-02T06:58:58.208Z"
"North Carolina","ID:1499","Wake","84189","Very Low","March 22, 2026 - March 28, 2026","2026-04-02T06:58:58.208Z"
"North Carolina","ID:1489","Pitt","89616","Very Low","March 22, 2026 - March 28, 2026","2026-04-02T06:58:58.208Z"
"North Carolina","ID:1487","Durham, Orange","108105","Very Low","March 22, 2026 - March 28, 2026","2026-04-02T06:58:58.208Z"
"North Carolina","ID:1484","New Hanover","67743","Very Low","March 22, 2026 - March 28, 2026","2026-04-02T06:58:58.208Z"
"North Carolina","ID:1476","Mecklenburg","68685","Very Low","March 22, 2026 - March 28, 2026","2026-04-02T06:58:58.208Z"
"North Carolina","ID:1475","Mcdowell","8459","Very Low","March 22, 2026 - March 28, 2026","2026-04-02T06:58:58.208Z"
"North Carolina","ID:1469","Forsyth, Guilford, Randolph, Davidson","116390","Very Low","March 22, 2026 - March 28, 2026","2026-04-02T06:58:58.208Z"
"North Carolina","ID:1461","Durham","142000","Very Low","March 22, 2026 - March 28, 2026","2026-04-02T06:58:58.208Z"
"North Carolina","ID:1457","Wake","75886","Very Low","March 22, 2026 - March 28, 2026","2026-04-02T06:58:58.208Z"
"North Carolina","ID:1450","Buncombe, Henderson","173000","Very Low","March 22, 2026 - March 28, 2026","2026-04-02T06:58:58.208Z"
"North Carolina","ID:1502","Wake","30655","Low","March 22, 2026 - March 28, 2026","2026-04-02T06:58:58.208Z"
"North Carolina","ID:1500","Wake","74331","Low","March 22, 2026 - March 28, 2026","2026-04-02T06:58:58.208Z"
"North Carolina","ID:1495","Swain, Jackson","10000","Low","March 22, 2026 - March 28, 2026","2026-04-02T06:58:58.208Z"
"North Carolina","ID:1491","Rowan","21000","Low","March 22, 2026 - March 28, 2026","2026-04-02T06:58:58.208Z"
"North Carolina","ID:1490","Rowan","32000","Low","March 22, 2026 - March 28, 2026","2026-04-02T06:58:58.208Z"
"North Carolina","ID:1483","New Hanover","58361","Low","March 22, 2026 - March 28, 2026","2026-04-02T06:58:58.208Z"
"North Carolina","ID:1481","Mecklenburg","82158","Low","March 22, 2026 - March 28, 2026","2026-04-02T06:58:58.208Z"
"North Carolina","ID:1478","Mecklenburg","182501","Low","March 22, 2026 - March 28, 2026","2026-04-02T06:58:58.208Z"
"North Carolina","ID:1473","Lenoir","25000","Low","March 22, 2026 - March 28, 2026","2026-04-02T06:58:58.208Z"
"North Carolina","ID:1453","Carteret","3500","Low","March 22, 2026 - March 28, 2026","2026-04-02T06:58:58.208Z"
"North Carolina","ID:1505","Wilson","50000","Moderate","March 22, 2026 - March 28, 2026","2026-04-02T06:58:58.208Z"
"North Carolina","ID:1504","Watauga","26000","Moderate","March 22, 2026 - March 28, 2026","2026-04-02T06:58:58.208Z"
"North Carolina","ID:1468","Guilford","135821","Moderate","March 22, 2026 - March 28, 2026","2026-04-02T06:58:58.208Z"
"North Carolina","ID:1463","Forsyth","92000","Moderate","March 22, 2026 - March 28, 2026","2026-04-02T06:58:58.208Z"
"North Carolina","ID:1503","Wake","7776","High","March 22, 2026 - March 28, 2026","2026-04-02T06:58:58.208Z"
"North Carolina","ID:1460","Pender, Duplin","10000","High","March 22, 2026 - March 28, 2026","2026-04-02T06:58:58.208Z"
"North Dakota",,,,"Limited/No Data","March 22, 2026 - March 28, 2026","2026-04-02T06:58:58.208Z"
"Ohio","ID:1693","Wyandot","6700","Very Low","March 22, 2026 - March 28, 2026","2026-04-02T06:58:58.208Z"
"Ohio","ID:1691","Wood","32000","Very Low","March 22, 2026 - March 28, 2026","2026-04-02T06:58:58.208Z"
"Ohio","ID:1690","Williams","8655","Very Low","March 22, 2026 - March 28, 2026","2026-04-02T06:58:58.208Z"
"Ohio","ID:1688","Wayne","27000","Very Low","March 22, 2026 - March 28, 2026","2026-04-02T06:58:58.208Z"
"Ohio","ID:1687","Washington","15284","Very Low","March 22, 2026 - March 28, 2026","2026-04-02T06:58:58.208Z"
"Ohio","ID:1679","Trumbull","54037","Very Low","March 22, 2026 - March 28, 2026","2026-04-02T06:58:58.208Z"
"Ohio","ID:1678","Portage, Summit","365000","Very Low","March 22, 2026 - March 28, 2026","2026-04-02T06:58:58.208Z"
"Ohio","ID:1677","Stark","85000","Very Low","March 22, 2026 - March 28, 2026","2026-04-02T06:58:58.208Z"
"Ohio","ID:1674","Scioto","20366","Very Low","March 22, 2026 - March 28, 2026","2026-04-02T06:58:58.208Z"
"Ohio","ID:1673","Sandusky","25000","Very Low","March 22, 2026 - March 28, 2026","2026-04-02T06:58:58.208Z"
"Ohio","ID:1665","Richland","52000","Very Low","March 22, 2026 - March 28, 2026","2026-04-02T06:58:58.208Z"
"Ohio","ID:1652","Pickaway","13965","Very Low","March 22, 2026 - March 28, 2026","2026-04-02T06:58:58.208Z"
"Ohio","ID:1649","Ottawa","7000","Very Low","March 22, 2026 - March 28, 2026","2026-04-02T06:58:58.208Z"
"Ohio","ID:1647","Muskingum","47500","Very Low","March 22, 2026 - March 28, 2026","2026-04-02T06:58:58.208Z"
"Ohio","ID:1641","Montgomery","65000","Very Low","March 22, 2026 - March 28, 2026","2026-04-02T06:58:58.208Z"
"Ohio","ID:1638","Montgomery","226729","Very Low","March 22, 2026 - March 28, 2026","2026-04-02T06:58:58.208Z"
"Ohio","ID:1634","Medina","86586","Very Low","March 22, 2026 - March 28, 2026","2026-04-02T06:58:58.208Z"
"Ohio","ID:1622","Mahoning","174000","Very Low","March 22, 2026 - March 28, 2026","2026-04-02T06:58:58.208Z"
"Ohio","ID:1613","Lucas","322446","Very Low","March 22, 2026 - March 28, 2026","2026-04-02T06:58:58.208Z"
"Ohio","ID:1611","Lucas","110000","Very Low","March 22, 2026 - March 28, 2026","2026-04-02T06:58:58.208Z"
"Ohio","ID:1607","Lorain","72000","Very Low","March 22, 2026 - March 28, 2026","2026-04-02T06:58:58.208Z"
"Ohio","ID:1603","Lawrence","10445","Very Low","March 22, 2026 - March 28, 2026","2026-04-02T06:58:58.208Z"
"Ohio","ID:1602","Lake","20000","Very Low","March 22, 2026 - March 28, 2026","2026-04-02T06:58:58.208Z"
"Ohio","ID:1600","Knox","18000","Very Low","March 22, 2026 - March 28, 2026","2026-04-02T06:58:58.208Z"
"Ohio","ID:1595","Huron","17000","Very Low","March 22, 2026 - March 28, 2026","2026-04-02T06:58:58.208Z"
"Ohio","ID:1592","Hocking","8500","Very Low","March 22, 2026 - March 28, 2026","2026-04-02T06:58:58.208Z"
"Ohio","ID:1590","Hardin","8500","Very Low","March 22, 2026 - March 28, 2026","2026-04-02T06:58:58.208Z"
"Ohio","ID:1589","Hancock","41273","Very Low","March 22, 2026 - March 28, 2026","2026-04-02T06:58:58.208Z"
"Ohio","ID:1569","Hamilton","488000","Very Low","March 22, 2026 - March 28, 2026","2026-04-02T06:58:58.208Z"
"Ohio","ID:1564","Hamilton","143000","Very Low","March 22, 2026 - March 28, 2026","2026-04-02T06:58:58.208Z"
"Ohio","ID:1559","Greene","4100","Very Low","March 22, 2026 - March 28, 2026","2026-04-02T06:58:58.208Z"
"Ohio","ID:1557","Fulton","6000","Very Low","March 22, 2026 - March 28, 2026","2026-04-02T06:58:58.208Z"
"Ohio","ID:1555","Franklin","654817","Very Low","March 22, 2026 - March 28, 2026","2026-04-02T06:58:58.208Z"
"Ohio","ID:1549","Franklin","645940","Very Low","March 22, 2026 - March 28, 2026","2026-04-02T06:58:58.208Z"
"Ohio","ID:1548","Fayette","14000","Very Low","March 22, 2026 - March 28, 2026","2026-04-02T06:58:58.208Z"
"Ohio","ID:1545","Erie","55000","Very Low","March 22, 2026 - March 28, 2026","2026-04-02T06:58:58.208Z"
"Ohio","ID:1544","Defiance","19900","Very Low","March 22, 2026 - March 28, 2026","2026-04-02T06:58:58.208Z"
"Ohio","ID:1543","Darke","13000","Very Low","March 22, 2026 - March 28, 2026","2026-04-02T06:58:58.208Z"
"Ohio","ID:1539","Cuyahoga","313158","Very Low","March 22, 2026 - March 28, 2026","2026-04-02T06:58:58.208Z"
"Ohio","ID:1538","Crawford","12362","Very Low","March 22, 2026 - March 28, 2026","2026-04-02T06:58:58.208Z"
"Ohio","ID:1537","Coshocton","12000","Very Low","March 22, 2026 - March 28, 2026","2026-04-02T06:58:58.208Z"
"Ohio","ID:1534","Carroll","3500","Very Low","March 22, 2026 - March 28, 2026","2026-04-02T06:58:58.208Z"
"Ohio","ID:1524","Belmont","13169","Very Low","March 22, 2026 - March 28, 2026","2026-04-02T06:58:58.208Z"
"Ohio","ID:1514","Athens","24536","Very Low","March 22, 2026 - March 28, 2026","2026-04-02T06:58:58.208Z"
"Ohio","ID:1508","Allen","61000","Very Low","March 22, 2026 - March 28, 2026","2026-04-02T06:58:58.208Z"
"Ohio","ID:1683","Union","24677","Low","March 22, 2026 - March 28, 2026","2026-04-02T06:58:58.208Z"
"Ohio","ID:1682","Tuscarawas","13572","Low","March 22, 2026 - March 28, 2026","2026-04-02T06:58:58.208Z"
"Ohio","ID:1663","Preble","8400","Low","March 22, 2026 - March 28, 2026","2026-04-02T06:58:58.208Z"
"Ohio","ID:1635","Mercer","4800","Low","March 22, 2026 - March 28, 2026","2026-04-02T06:58:58.208Z"
"Ohio","ID:1630","Marion","36000","Low","March 22, 2026 - March 28, 2026","2026-04-02T06:58:58.208Z"
"Ohio","ID:1604","Licking","45000","Low","March 22, 2026 - March 28, 2026","2026-04-02T06:58:58.208Z"
"Ohio","ID:1542","Cuyahoga","103379","Low","March 22, 2026 - March 28, 2026","2026-04-02T06:58:58.208Z"
"Ohio","ID:1540","Cuyahoga","524154","Low","March 22, 2026 - March 28, 2026","2026-04-02T06:58:58.208Z"
"Ohio","ID:1535","Clark","60000","Low","March 22, 2026 - March 28, 2026","2026-04-02T06:58:58.208Z"
"Ohio","ID:1511","Ashtabula","31430","Low","March 22, 2026 - March 28, 2026","2026-04-02T06:58:58.208Z"
"Ohio","ID:1657","Portage","29000","Moderate","March 22, 2026 - March 28, 2026","2026-04-02T06:58:58.208Z"
"Ohio","ID:1527","Butler","65000","Moderate","March 22, 2026 - March 28, 2026","2026-04-02T06:58:58.208Z"
"Oklahoma","ID:2204","Caddo","6623","Limited/No Data","March 22, 2026 - March 28, 2026","2026-04-02T06:58:58.208Z"
"Oklahoma","ID:1713","Washington","36495","Limited/No Data","March 22, 2026 - March 28, 2026","2026-04-02T06:58:58.208Z"
"Oklahoma","ID:1709","Seminole","7488","Limited/No Data","March 22, 2026 - March 28, 2026","2026-04-02T06:58:58.208Z"
"Oklahoma","ID:1708","Pontotoc","16738","Limited/No Data","March 22, 2026 - March 28, 2026","2026-04-02T06:58:58.208Z"
"Oklahoma","ID:1707","Payne","48134","Limited/No Data","March 22, 2026 - March 28, 2026","2026-04-02T06:58:58.208Z"
"Oklahoma","ID:1706","Oklahoma","442168","Limited/No Data","March 22, 2026 - March 28, 2026","2026-04-02T06:58:58.208Z"
"Oklahoma","ID:1705","Oklahoma","57288","Limited/No Data","March 22, 2026 - March 28, 2026","2026-04-02T06:58:58.208Z"
"Oklahoma","ID:1704","Oklahoma","107331","Limited/No Data","March 22, 2026 - March 28, 2026","2026-04-02T06:58:58.208Z"
"Oklahoma","ID:1702","Muskogee","36790","Limited/No Data","March 22, 2026 - March 28, 2026","2026-04-02T06:58:58.208Z"
"Oklahoma","ID:1699","Cleveland","122837","Limited/No Data","March 22, 2026 - March 28, 2026","2026-04-02T06:58:58.208Z"
"Oklahoma","ID:1698","Cherokee","16463","Limited/No Data","March 22, 2026 - March 28, 2026","2026-04-02T06:58:58.208Z"
"Oklahoma","ID:1696","Canadian","24623","Limited/No Data","March 22, 2026 - March 28, 2026","2026-04-02T06:58:58.208Z"
"Oklahoma","ID:1701","Garfield","50350","Low","March 22, 2026 - March 28, 2026","2026-04-02T06:58:58.208Z"
"Oregon","ID:2520","Columbia","13739","Limited/No Data","March 22, 2026 - March 28, 2026","2026-04-02T06:58:58.208Z"
"Oregon","ID:1755","Washington","40000","Limited/No Data","March 22, 2026 - March 28, 2026","2026-04-02T06:58:58.208Z"
"Oregon","ID:1754","Washington","9900","Limited/No Data","March 22, 2026 - March 28, 2026","2026-04-02T06:58:58.208Z"
"Oregon","ID:1753","Washington","40000","Limited/No Data","March 22, 2026 - March 28, 2026","2026-04-02T06:58:58.208Z"
"Oregon","ID:1752","Washington","220000","Limited/No Data","March 22, 2026 - March 28, 2026","2026-04-02T06:58:58.208Z"
"Oregon","ID:1751","Wasco","15276","Limited/No Data","March 22, 2026 - March 28, 2026","2026-04-02T06:58:58.208Z"
"Oregon","ID:1748","Umatilla","17500","Limited/No Data","March 22, 2026 - March 28, 2026","2026-04-02T06:58:58.208Z"
"Oregon","ID:1747","Umatilla","18775","Limited/No Data","March 22, 2026 - March 28, 2026","2026-04-02T06:58:58.208Z"
"Oregon","ID:1743","Marion","10840","Limited/No Data","March 22, 2026 - March 28, 2026","2026-04-02T06:58:58.208Z"
"Oregon","ID:1742","Marion","10520","Limited/No Data","March 22, 2026 - March 28, 2026","2026-04-02T06:58:58.208Z"
"Oregon","ID:1740","Marion","26273","Limited/No Data","March 22, 2026 - March 28, 2026","2026-04-02T06:58:58.208Z"
"Oregon","ID:1731","Josephine","37725","Limited/No Data","March 22, 2026 - March 28, 2026","2026-04-02T06:58:58.208Z"
"Oregon","ID:1728","Hood River","7800","Limited/No Data","March 22, 2026 - March 28, 2026","2026-04-02T06:58:58.208Z"
"Oregon","ID:2243","Tillamook","27748","Very Low","March 22, 2026 - March 28, 2026","2026-04-02T06:58:58.208Z"
"Oregon","ID:1746","Polk","16555","Very Low","March 22, 2026 - March 28, 2026","2026-04-02T06:58:58.208Z"
"Oregon","ID:1744","Multnomah","662235","Very Low","March 22, 2026 - March 28, 2026","2026-04-02T06:58:58.208Z"
"Oregon","ID:1741","Marion","229000","Very Low","March 22, 2026 - March 28, 2026","2026-04-02T06:58:58.208Z"
"Oregon","ID:1738","Linn","57785","Very Low","March 22, 2026 - March 28, 2026","2026-04-02T06:58:58.208Z"
"Oregon","ID:1736","Lincoln","10400","Very Low","March 22, 2026 - March 28, 2026","2026-04-02T06:58:58.208Z"
"Oregon","ID:1735","Lincoln","8865","Very Low","March 22, 2026 - March 28, 2026","2026-04-02T06:58:58.208Z"
"Oregon","ID:1734","Lane","235155","Very Low","March 22, 2026 - March 28, 2026","2026-04-02T06:58:58.208Z"
"Oregon","ID:1733","Lane","8925","Very Low","March 22, 2026 - March 28, 2026","2026-04-02T06:58:58.208Z"
"Oregon","ID:1732","Klamath","20840","Very Low","March 22, 2026 - March 28, 2026","2026-04-02T06:58:58.208Z"
"Oregon","ID:1730","Jackson","133708","Very Low","March 22, 2026 - March 28, 2026","2026-04-02T06:58:58.208Z"
"Oregon","ID:1729","Jackson","21105","Very Low","March 22, 2026 - March 28, 2026","2026-04-02T06:58:58.208Z"
"Oregon","ID:1726","Douglas","30000","Very Low","March 22, 2026 - March 28, 2026","2026-04-02T06:58:58.208Z"
"Oregon","ID:1722","Coos","9975","Very Low","March 22, 2026 - March 28, 2026","2026-04-02T06:58:58.208Z"
"Oregon","ID:1720","Clatsop","11326","Very Low","March 22, 2026 - March 28, 2026","2026-04-02T06:58:58.208Z"
"Oregon","ID:1719","Clackamas","26298","Very Low","March 22, 2026 - March 28, 2026","2026-04-02T06:58:58.208Z"
"Oregon","ID:1716","Benton","58856","Very Low","March 22, 2026 - March 28, 2026","2026-04-02T06:58:58.208Z"
"Oregon","ID:2521","Deschutes","92850","Low","March 22, 2026 - March 28, 2026","2026-04-02T06:58:58.208Z"
"Oregon","ID:1757","Yamhill","34615","Low","March 22, 2026 - March 28, 2026","2026-04-02T06:58:58.208Z"
"Oregon","ID:1717","Clackamas","14206","High","March 22, 2026 - March 28, 2026","2026-04-02T06:58:58.208Z"
"Oregon","ID:1745","Multnomah","45600","Very High","March 22, 2026 - March 28, 2026","2026-04-02T06:58:58.208Z"
"Pennsylvania","ID:2570","Washington","45000","Limited/No Data","March 22, 2026 - March 28, 2026","2026-04-02T06:58:58.208Z"
"Pennsylvania","ID:1795","Montgomery","35000","Limited/No Data","March 22, 2026 - March 28, 2026","2026-04-02T06:58:58.208Z"
"Pennsylvania","ID:1778","Erie","200000","Limited/No Data","March 22, 2026 - March 28, 2026","2026-04-02T06:58:58.208Z"
"Pennsylvania","ID:1803","York","85000","Very Low","March 22, 2026 - March 28, 2026","2026-04-02T06:58:58.208Z"
"Pennsylvania","ID:1792","Montgomery","13000","Very Low","March 22, 2026 - March 28, 2026","2026-04-02T06:58:58.208Z"
"Pennsylvania","ID:1789","Monroe","4000","Very Low","March 22, 2026 - March 28, 2026","2026-04-02T06:58:58.208Z"
"Pennsylvania","ID:1785","Mckean","14194","Very Low","March 22, 2026 - March 28, 2026","2026-04-02T06:58:58.208Z"
"Pennsylvania","ID:1784","Lehigh","200000","Very Low","March 22, 2026 - March 28, 2026","2026-04-02T06:58:58.208Z"
"Pennsylvania","ID:1776","Delaware","6800","Very Low","March 22, 2026 - March 28, 2026","2026-04-02T06:58:58.208Z"
"Pennsylvania","ID:1775","Dauphin","125000","Very Low","March 22, 2026 - March 28, 2026","2026-04-02T06:58:58.208Z"
"Pennsylvania","ID:1771","Centre","90000","Very Low","March 22, 2026 - March 28, 2026","2026-04-02T06:58:58.208Z"
"Pennsylvania","ID:1768","Butler","45000","Very Low","March 22, 2026 - March 28, 2026","2026-04-02T06:58:58.208Z"
"Pennsylvania","ID:1765","Allegheny","43482","Very Low","March 22, 2026 - March 28, 2026","2026-04-02T06:58:58.208Z"
"Pennsylvania","ID:1761","Allegheny","7000","Very Low","March 22, 2026 - March 28, 2026","2026-04-02T06:58:58.208Z"
"Pennsylvania","ID:1760","Allegheny","900000","Very Low","March 22, 2026 - March 28, 2026","2026-04-02T06:58:58.208Z"
"Pennsylvania","ID:2241","Montgomery","25000","Low","March 22, 2026 - March 28, 2026","2026-04-02T06:58:58.208Z"
"Pennsylvania","ID:1790","Montgomery","13000","Low","March 22, 2026 - March 28, 2026","2026-04-02T06:58:58.208Z"
"Pennsylvania","ID:1788","Monroe","25000","Low","March 22, 2026 - March 28, 2026","2026-04-02T06:58:58.208Z"
"Pennsylvania","ID:1787","Mercer","16000","Low","March 22, 2026 - March 28, 2026","2026-04-02T06:58:58.208Z"
"Pennsylvania","ID:1781","Lackawanna","15700","Low","March 22, 2026 - March 28, 2026","2026-04-02T06:58:58.208Z"
"Pennsylvania","ID:1780","Indiana","28809","Low","March 22, 2026 - March 28, 2026","2026-04-02T06:58:58.208Z"
"Pennsylvania","ID:1777","Delaware","220000","Low","March 22, 2026 - March 28, 2026","2026-04-02T06:58:58.208Z"
"Pennsylvania","ID:1773","Chester","10500","Low","March 22, 2026 - March 28, 2026","2026-04-02T06:58:58.208Z"
"Pennsylvania","ID:1767","Northampton, Bucks","55000","Low","March 22, 2026 - March 28, 2026","2026-04-02T06:58:58.208Z"
"Pennsylvania","ID:1762","Allegheny","48000","Low","March 22, 2026 - March 28, 2026","2026-04-02T06:58:58.208Z"
"Pennsylvania","ID:2631","Montgomery","17000","Moderate","March 22, 2026 - March 28, 2026","2026-04-02T06:58:58.208Z"
"Pennsylvania","ID:2205","Montgomery","8900","Moderate","March 22, 2026 - March 28, 2026","2026-04-02T06:58:58.208Z"
"Pennsylvania","ID:1786","Mercer, Trumbull","19000","Moderate","March 22, 2026 - March 28, 2026","2026-04-02T06:58:58.208Z"
"Pennsylvania","ID:1779","Franklin","67000","Moderate","March 22, 2026 - March 28, 2026","2026-04-02T06:58:58.208Z"
"Pennsylvania","ID:2569","Luzerne","172000","High","March 22, 2026 - March 28, 2026","2026-04-02T06:58:58.208Z"
"Pennsylvania","ID:1774","Cumberland","25000","High","March 22, 2026 - March 28, 2026","2026-04-02T06:58:58.208Z"
"Pennsylvania","ID:1772","Chester","13500","High","March 22, 2026 - March 28, 2026","2026-04-02T06:58:58.208Z"
"Pennsylvania","ID:1791","Montgomery","30000","Very High","March 22, 2026 - March 28, 2026","2026-04-02T06:58:58.208Z"
"Rhode Island","ID:2381","Washington","16500","Very Low","March 22, 2026 - March 28, 2026","2026-04-02T06:58:58.208Z"
"Rhode Island","ID:2339","Worcester, Providence, Norfolk","43000","Very Low","March 22, 2026 - March 28, 2026","2026-04-02T06:58:58.208Z"
"Rhode Island","ID:2232","Washington","5000","Very Low","March 22, 2026 - March 28, 2026","2026-04-02T06:58:58.208Z"
"Rhode Island","ID:2228","Newport","41600","Very Low","March 22, 2026 - March 28, 2026","2026-04-02T06:58:58.208Z"
"Rhode Island","ID:1811","Providence","240000","Very Low","March 22, 2026 - March 28, 2026","2026-04-02T06:58:58.208Z"
"Rhode Island","ID:1810","Providence","120000","Very Low","March 22, 2026 - March 28, 2026","2026-04-02T06:58:58.208Z"
"Rhode Island","ID:1809","Providence","10000","Very Low","March 22, 2026 - March 28, 2026","2026-04-02T06:58:58.208Z"
"Rhode Island","ID:1808","Kent","60224","Very Low","March 22, 2026 - March 28, 2026","2026-04-02T06:58:58.208Z"
"Rhode Island","ID:1807","Kent","30000","Very Low","March 22, 2026 - March 28, 2026","2026-04-02T06:58:58.208Z"
"Rhode Island","ID:1805","Bristol","11500","Very Low","March 22, 2026 - March 28, 2026","2026-04-02T06:58:58.208Z"
"Rhode Island","ID:1804","Bristol","21100","Very Low","March 22, 2026 - March 28, 2026","2026-04-02T06:58:58.208Z"
"South Carolina","ID:1812","Beaufort","20000","Limited/No Data","March 22, 2026 - March 28, 2026","2026-04-02T06:58:58.208Z"
"South Carolina","ID:2595","Spartanburg","25000","Very Low","March 22, 2026 - March 28, 2026","2026-04-02T06:58:58.208Z"
"South Carolina","ID:2594","Oconee","16500","Very Low","March 22, 2026 - March 28, 2026","2026-04-02T06:58:58.208Z"
"South Carolina","ID:2585","Anderson","22410","Very Low","March 22, 2026 - March 28, 2026","2026-04-02T06:58:58.208Z"
"South Carolina","ID:2584","Anderson","30000","Very Low","March 22, 2026 - March 28, 2026","2026-04-02T06:58:58.208Z"
"South Carolina","ID:2426","Hampton","5000","Very Low","March 22, 2026 - March 28, 2026","2026-04-02T06:58:58.208Z"
"South Carolina","ID:2334","Jasper","10000","Very Low","March 22, 2026 - March 28, 2026","2026-04-02T06:58:58.208Z"
"South Carolina","ID:2286","Horry","38000","Very Low","March 22, 2026 - March 28, 2026","2026-04-02T06:58:58.208Z"
"South Carolina","ID:2285","Marion","14000","Very Low","March 22, 2026 - March 28, 2026","2026-04-02T06:58:58.208Z"
"South Carolina","ID:2283","Horry","20000","Very Low","March 22, 2026 - March 28, 2026","2026-04-02T06:58:58.208Z"
"South Carolina","ID:2248","Berkeley, Dorchester, Charleston","140000","Very Low","March 22, 2026 - March 28, 2026","2026-04-02T06:58:58.208Z"
"South Carolina","ID:2226","Richland, Lexington","11399","Very Low","March 22, 2026 - March 28, 2026","2026-04-02T06:58:58.208Z"
"South Carolina","ID:1825","Richland","60000","Very Low","March 22, 2026 - March 28, 2026","2026-04-02T06:58:58.208Z"
"South Carolina","ID:1821","Horry","30000","Very Low","March 22, 2026 - March 28, 2026","2026-04-02T06:58:58.208Z"
"South Carolina","ID:1817","Georgetown","30000","Very Low","March 22, 2026 - March 28, 2026","2026-04-02T06:58:58.208Z"
"South Carolina","ID:1816","Georgetown","12000","Very Low","March 22, 2026 - March 28, 2026","2026-04-02T06:58:58.208Z"
"South Carolina","ID:2592","Orangeburg","11000","Low","March 22, 2026 - March 28, 2026","2026-04-02T06:58:58.208Z"
"South Carolina","ID:2583","Pickens","9000","Low","March 22, 2026 - March 28, 2026","2026-04-02T06:58:58.208Z"
"South Carolina","ID:2335","Marlboro","6427","Low","March 22, 2026 - March 28, 2026","2026-04-02T06:58:58.208Z"
"South Carolina","ID:2282","Horry, Columbus","3200","Low","March 22, 2026 - March 28, 2026","2026-04-02T06:58:58.208Z"
"South Carolina","ID:2206","Lancaster","10000","Low","March 22, 2026 - March 28, 2026","2026-04-02T06:58:58.208Z"
"South Carolina","ID:2284","Marion","10000","Moderate","March 22, 2026 - March 28, 2026","2026-04-02T06:58:58.208Z"
"South Carolina","ID:1828","York","88000","Moderate","March 22, 2026 - March 28, 2026","2026-04-02T06:58:58.208Z"
"South Carolina","ID:1824","Lexington","40000","High","March 22, 2026 - March 28, 2026","2026-04-02T06:58:58.208Z"
"South Carolina","ID:1819","Greenwood","12000","High","March 22, 2026 - March 28, 2026","2026-04-02T06:58:58.208Z"
"South Carolina","ID:1823","Kershaw","8825","Very High","March 22, 2026 - March 28, 2026","2026-04-02T06:58:58.208Z"
"South Carolina","ID:1820","Greenwood","48000","Very High","March 22, 2026 - March 28, 2026","2026-04-02T06:58:58.208Z"
"South Dakota","ID:1832","Yankton","20000","Very Low","March 22, 2026 - March 28, 2026","2026-04-02T06:58:58.208Z"
"South Dakota","ID:1830","Lincoln, Minnehaha","219000","Low","March 22, 2026 - March 28, 2026","2026-04-02T06:58:58.208Z"
"South Dakota","ID:1829","Beadle","14000","Low","March 22, 2026 - March 28, 2026","2026-04-02T06:58:58.208Z"
"Tennessee","ID:1837","Catoosa, Walker, Dade, Hamilton","400000","Very Low","March 22, 2026 - March 28, 2026","2026-04-02T06:58:58.208Z"
"Tennessee","ID:1838","Shelby","400000","Very High","March 22, 2026 - March 28, 2026","2026-04-02T06:58:58.208Z"
"Texas","ID:2586","Harris","30000","Limited/No Data","March 22, 2026 - March 28, 2026","2026-04-02T06:58:58.208Z"
"Texas","ID:2555","Harris","4743","Limited/No Data","March 22, 2026 - March 28, 2026","2026-04-02T06:58:58.208Z"
"Texas","ID:2554","Harris","7100","Limited/No Data","March 22, 2026 - March 28, 2026","2026-04-02T06:58:58.208Z"
"Texas","ID:2553","Harris","7100","Limited/No Data","March 22, 2026 - March 28, 2026","2026-04-02T06:58:58.208Z"
"Texas","ID:2552","Harris","12087","Limited/No Data","March 22, 2026 - March 28, 2026","2026-04-02T06:58:58.208Z"
"Texas","ID:2551","Harris","30252","Limited/No Data","March 22, 2026 - March 28, 2026","2026-04-02T06:58:58.208Z"
"Texas","ID:2550","Harris","18279","Limited/No Data","March 22, 2026 - March 28, 2026","2026-04-02T06:58:58.208Z"
"Texas","ID:2548","Harris","14960","Limited/No Data","March 22, 2026 - March 28, 2026","2026-04-02T06:58:58.208Z"
"Texas","ID:2547","Harris","17730","Limited/No Data","March 22, 2026 - March 28, 2026","2026-04-02T06:58:58.208Z"
"Texas","ID:2546","Harris","7700","Limited/No Data","March 22, 2026 - March 28, 2026","2026-04-02T06:58:58.208Z"
"Texas","ID:2545","Harris","4293","Limited/No Data","March 22, 2026 - March 28, 2026","2026-04-02T06:58:58.208Z"
"Texas","ID:2544","Harris","3435","Limited/No Data","March 22, 2026 - March 28, 2026","2026-04-02T06:58:58.208Z"
"Texas","ID:2542","Harris","5350","Limited/No Data","March 22, 2026 - March 28, 2026","2026-04-02T06:58:58.208Z"
"Texas","ID:2541","Harris","3193","Limited/No Data","March 22, 2026 - March 28, 2026","2026-04-02T06:58:58.208Z"
"Texas","ID:2539","Harris","35124","Limited/No Data","March 22, 2026 - March 28, 2026","2026-04-02T06:58:58.208Z"
"Texas","ID:2538","Harris","5418","Limited/No Data","March 22, 2026 - March 28, 2026","2026-04-02T06:58:58.208Z"
"Texas","ID:2537","Harris","60000","Limited/No Data","March 22, 2026 - March 28, 2026","2026-04-02T06:58:58.208Z"
"Texas","ID:2536","Harris","5418","Limited/No Data","March 22, 2026 - March 28, 2026","2026-04-02T06:58:58.208Z"
"Texas","ID:2534","Harris","48750","Limited/No Data","March 22, 2026 - March 28, 2026","2026-04-02T06:58:58.208Z"
"Texas","ID:2533","Harris","4083","Limited/No Data","March 22, 2026 - March 28, 2026","2026-04-02T06:58:58.208Z"
"Texas","ID:2532","Harris","21500","Limited/No Data","March 22, 2026 - March 28, 2026","2026-04-02T06:58:58.208Z"
"Texas","ID:2531","Harris","21500","Limited/No Data","March 22, 2026 - March 28, 2026","2026-04-02T06:58:58.208Z"
"Texas","ID:2530","Harris","16800","Limited/No Data","March 22, 2026 - March 28, 2026","2026-04-02T06:58:58.208Z"
"Texas","ID:2528","Harris","21500","Limited/No Data","March 22, 2026 - March 28, 2026","2026-04-02T06:58:58.208Z"
"Texas","ID:2527","Harris","21500","Limited/No Data","March 22, 2026 - March 28, 2026","2026-04-02T06:58:58.208Z"
"Texas","ID:2635","Travis","596153","Very Low","March 22, 2026 - March 28, 2026","2026-04-02T06:58:58.208Z"
"Texas","ID:2609","Travis","238461","Very Low","March 22, 2026 - March 28, 2026","2026-04-02T06:58:58.208Z"
"Texas","ID:2464","Gaines","7500","Very Low","March 22, 2026 - March 28, 2026","2026-04-02T06:58:58.208Z"
"Texas","ID:2277","Hidalgo","70000","Very Low","March 22, 2026 - March 28, 2026","2026-04-02T06:58:58.208Z"
"Texas","ID:1921","Webb","140000","Very Low","March 22, 2026 - March 28, 2026","2026-04-02T06:58:58.208Z"
"Texas","ID:1919","Webb","120000","Very Low","March 22, 2026 - March 28, 2026","2026-04-02T06:58:58.208Z"
"Texas","ID:1917","Webb","30000","Very Low","March 22, 2026 - March 28, 2026","2026-04-02T06:58:58.208Z"
"Texas","ID:1909","Montgomery","70000","Very Low","March 22, 2026 - March 28, 2026","2026-04-02T06:58:58.208Z"
"Texas","ID:1905","Harris","8610","Very Low","March 22, 2026 - March 28, 2026","2026-04-02T06:58:58.208Z"
"Texas","ID:1894","Harris","293227","Very Low","March 22, 2026 - March 28, 2026","2026-04-02T06:58:58.208Z"
"Texas","ID:1881","Harris","124000","Very Low","March 22, 2026 - March 28, 2026","2026-04-02T06:58:58.208Z"
"Texas","ID:1866","Galveston","15000","Very Low","March 22, 2026 - March 28, 2026","2026-04-02T06:58:58.208Z"
"Texas","ID:1859","Kaufman, Collin, Dallas","370000","Very Low","March 22, 2026 - March 28, 2026","2026-04-02T06:58:58.208Z"
"Texas","ID:1858","Dallas","2600000","Very Low","March 22, 2026 - March 28, 2026","2026-04-02T06:58:58.208Z"
"Texas","ID:1856","Dallas","630000","Very Low","March 22, 2026 - March 28, 2026","2026-04-02T06:58:58.208Z"
"Texas","ID:1855","Dallas","270000","Very Low","March 22, 2026 - March 28, 2026","2026-04-02T06:58:58.208Z"
"Texas","ID:1849","Dallas","1000000","Very Low","March 22, 2026 - March 28, 2026","2026-04-02T06:58:58.208Z"
"Texas","ID:2629","Travis","158974","Low","March 22, 2026 - March 28, 2026","2026-04-02T06:58:58.208Z"
"Texas","ID:2410","Hidalgo","16782","Low","March 22, 2026 - March 28, 2026","2026-04-02T06:58:58.208Z"
"Texas","ID:2386","Brazos","58250","Low","March 22, 2026 - March 28, 2026","2026-04-02T06:58:58.208Z"
"Texas","ID:2325","Henderson","13503","Low","March 22, 2026 - March 28, 2026","2026-04-02T06:58:58.208Z"
"Texas","ID:2298","Victoria","65800","Low","March 22, 2026 - March 28, 2026","2026-04-02T06:58:58.208Z"
"Texas","ID:2275","Hardin","34000","Low","March 22, 2026 - March 28, 2026","2026-04-02T06:58:58.208Z"
"Texas","ID:1922","Wichita","90000","Low","March 22, 2026 - March 28, 2026","2026-04-02T06:58:58.208Z"
"Texas","ID:1912","Randall, Potter","60000","Low","March 22, 2026 - March 28, 2026","2026-04-02T06:58:58.208Z"
"Texas","ID:1869","Harris","551150","Low","March 22, 2026 - March 28, 2026","2026-04-02T06:58:58.208Z"
"Texas","ID:1867","Galveston","115000","Low","March 22, 2026 - March 28, 2026","2026-04-02T06:58:58.208Z"
"Texas","ID:1848","Dallas","200000","Low","March 22, 2026 - March 28, 2026","2026-04-02T06:58:58.208Z"
"Texas","ID:1847","Cooke","17300","Low","March 22, 2026 - March 28, 2026","2026-04-02T06:58:58.208Z"
"Texas","ID:2608","Dallas","3000000","Moderate","March 22, 2026 - March 28, 2026","2026-04-02T06:58:58.208Z"
"Texas","ID:1868","Galveston","115000","Moderate","March 22, 2026 - March 28, 2026","2026-04-02T06:58:58.208Z"
"Texas","ID:1857","Dallas","242000","Moderate","March 22, 2026 - March 28, 2026","2026-04-02T06:58:58.208Z"
"Texas","ID:1843","Andrews","13502","Moderate","March 22, 2026 - March 28, 2026","2026-04-02T06:58:58.208Z"
"Texas","ID:2274","Anderson","19372","High","March 22, 2026 - March 28, 2026","2026-04-02T06:58:58.208Z"
"Texas","ID:1911","Randall, Potter","140000","High","March 22, 2026 - March 28, 2026","2026-04-02T06:58:58.208Z"
"Texas","ID:1908","Montgomery","65000","High","March 22, 2026 - March 28, 2026","2026-04-02T06:58:58.208Z"
"Texas","ID:1906","Mclennan","203344","High","March 22, 2026 - March 28, 2026","2026-04-02T06:58:58.208Z"
"Texas","ID:1870","Harris","117968","High","March 22, 2026 - March 28, 2026","2026-04-02T06:58:58.208Z"
"Texas","ID:2445","Hays","80000","Very High","March 22, 2026 - March 28, 2026","2026-04-02T06:58:58.208Z"
"Texas","ID:2281","Taylor","125000","Very High","March 22, 2026 - March 28, 2026","2026-04-02T06:58:58.208Z"
"Texas","ID:2278","Jefferson","112193","Very High","March 22, 2026 - March 28, 2026","2026-04-02T06:58:58.208Z"
"Texas","ID:2276","Hays","18000","Very High","March 22, 2026 - March 28, 2026","2026-04-02T06:58:58.208Z"
"Texas","ID:1913","Tarrant","1000000","Very High","March 22, 2026 - March 28, 2026","2026-04-02T06:58:58.208Z"
"Texas","ID:1860","Denton","166774","Very High","March 22, 2026 - March 28, 2026","2026-04-02T06:58:58.208Z"
"Utah","ID:1961","Weber, Davis","208850","Very Low","March 22, 2026 - March 28, 2026","2026-04-02T06:58:58.208Z"
"Utah","ID:1960","Washington","92047","Very Low","March 22, 2026 - March 28, 2026","2026-04-02T06:58:58.208Z"
"Utah","ID:1959","Washington","24970","Very Low","March 22, 2026 - March 28, 2026","2026-04-02T06:58:58.208Z"
"Utah","ID:1956","Wasatch","19936","Very Low","March 22, 2026 - March 28, 2026","2026-04-02T06:58:58.208Z"
"Utah","ID:1955","Utah","253112","Very Low","March 22, 2026 - March 28, 2026","2026-04-02T06:58:58.208Z"
"Utah","ID:1954","Utah","35840","Very Low","March 22, 2026 - March 28, 2026","2026-04-02T06:58:58.208Z"
"Utah","ID:1953","Utah","12510","Very Low","March 22, 2026 - March 28, 2026","2026-04-02T06:58:58.208Z"
"Utah","ID:1952","Utah","53313","Very Low","March 22, 2026 - March 28, 2026","2026-04-02T06:58:58.208Z"
"Utah","ID:1950","Utah","115000","Very Low","March 22, 2026 - March 28, 2026","2026-04-02T06:58:58.208Z"
"Utah","ID:1949","Utah","112901","Very Low","March 22, 2026 - March 28, 2026","2026-04-02T06:58:58.208Z"
"Utah","ID:1946","Tooele","36244","Very Low","March 22, 2026 - March 28, 2026","2026-04-02T06:58:58.208Z"
"Utah","ID:1945","Summit","7995","Very Low","March 22, 2026 - March 28, 2026","2026-04-02T06:58:58.208Z"
"Utah","ID:1944","Summit","23839","Very Low","March 22, 2026 - March 28, 2026","2026-04-02T06:58:58.208Z"
"Utah","ID:1940","Salt Lake","254971","Very Low","March 22, 2026 - March 28, 2026","2026-04-02T06:58:58.208Z"
"Utah","ID:1939","Salt Lake","209645","Very Low","March 22, 2026 - March 28, 2026","2026-04-02T06:58:58.208Z"
"Utah","ID:1937","Salt Lake","89507","Very Low","March 22, 2026 - March 28, 2026","2026-04-02T06:58:58.208Z"
"Utah","ID:1935","Salt Lake","600000","Very Low","March 22, 2026 - March 28, 2026","2026-04-02T06:58:58.208Z"
"Utah","ID:1934","Iron","32451","Very Low","March 22, 2026 - March 28, 2026","2026-04-02T06:58:58.208Z"
"Utah","ID:1933","San Juan, Grand","9896","Very Low","March 22, 2026 - March 28, 2026","2026-04-02T06:58:58.208Z"
"Utah","ID:1931","Davis","21872","Very Low","March 22, 2026 - March 28, 2026","2026-04-02T06:58:58.208Z"
"Utah","ID:1930","Davis","84981","Very Low","March 22, 2026 - March 28, 2026","2026-04-02T06:58:58.208Z"
"Utah","ID:1929","Weber, Davis","228700","Very Low","March 22, 2026 - March 28, 2026","2026-04-02T06:58:58.208Z"
"Utah","ID:1927","Carbon","17312","Very Low","March 22, 2026 - March 28, 2026","2026-04-02T06:58:58.208Z"
"Utah","ID:1926","Cache","94005","Very Low","March 22, 2026 - March 28, 2026","2026-04-02T06:58:58.208Z"
"Utah","ID:1923","Box Elder","21443","Very Low","March 22, 2026 - March 28, 2026","2026-04-02T06:58:58.208Z"
"Utah","ID:1957","Wasatch","5806","Low","March 22, 2026 - March 28, 2026","2026-04-02T06:58:58.208Z"
"Utah","ID:1932","Duchesne","6790","Low","March 22, 2026 - March 28, 2026","2026-04-02T06:58:58.208Z"
"Utah","ID:1928","Davis","64533","Low","March 22, 2026 - March 28, 2026","2026-04-02T06:58:58.208Z"
"Utah","ID:1924","Box Elder","12451","Low","March 22, 2026 - March 28, 2026","2026-04-02T06:58:58.208Z"
"Utah","ID:1948","Uintah","29513","Moderate","March 22, 2026 - March 28, 2026","2026-04-02T06:58:58.208Z"
"Utah","ID:1925","Cache","9095","Moderate","March 22, 2026 - March 28, 2026","2026-04-02T06:58:58.208Z"
"Utah","ID:1951","Utah","21231","High","March 22, 2026 - March 28, 2026","2026-04-02T06:58:58.208Z"
"Utah","ID:1938","Utah, Salt Lake","94484","High","March 22, 2026 - March 28, 2026","2026-04-02T06:58:58.208Z"
"Vermont","ID:1967","Chittenden","25000","Very Low","March 22, 2026 - March 28, 2026","2026-04-02T06:58:58.208Z"
"Vermont","ID:1975","Washington","10100","Low","March 22, 2026 - March 28, 2026","2026-04-02T06:58:58.208Z"
"Vermont","ID:1965","Chittenden","30000","Low","March 22, 2026 - March 28, 2026","2026-04-02T06:58:58.208Z"
"Vermont","ID:2350","Addison","9000","High","March 22, 2026 - March 28, 2026","2026-04-02T06:58:58.208Z"
"Vermont","ID:1976","Windsor","6000","High","March 22, 2026 - March 28, 2026","2026-04-02T06:58:58.208Z"
"Vermont","ID:1966","Chittenden","16000","High","March 22, 2026 - March 28, 2026","2026-04-02T06:58:58.208Z"
"Virginia","ID:2030","Virginia Beach City, Chesapeake City","530848","Very Low","March 22, 2026 - March 28, 2026","2026-04-02T06:58:58.208Z"
"Virginia","ID:2028","Portsmouth City, Isle Of Wight, Chesapeake City, Suffolk City","197608","Very Low","March 22, 2026 - March 28, 2026","2026-04-02T06:58:58.208Z"
"Virginia","ID:2026","Henrico, Richmond City, Goochland","225000","Very Low","March 22, 2026 - March 28, 2026","2026-04-02T06:58:58.208Z"
"Virginia","ID:2023","Norfolk City","78322","Very Low","March 22, 2026 - March 28, 2026","2026-04-02T06:58:58.208Z"
"Virginia","ID:2022","Virginia Beach City, Norfolk City, Portsmouth City, Chesapeake City","192347","Very Low","March 22, 2026 - March 28, 2026","2026-04-02T06:58:58.208Z"
"Virginia","ID:2021","Hampton City, Newport News City, York, James City","141543","Very Low","March 22, 2026 - March 28, 2026","2026-04-02T06:58:58.208Z"
"Virginia","ID:2020","Hampton City, Newport News City","118497","Very Low","March 22, 2026 - March 28, 2026","2026-04-02T06:58:58.208Z"
"Virginia","ID:2016","Albemarle, Charlottesville City","118266","Very Low","March 22, 2026 - March 28, 2026","2026-04-02T06:58:58.208Z"
"Virginia","ID:2014","Hampton City, Newport News City, York, Gloucester, Mathews, Poquoson City","99112","Very Low","March 22, 2026 - March 28, 2026","2026-04-02T06:58:58.208Z"
"Virginia","ID:2001","Prince William, Fairfax","165901","Very Low","March 22, 2026 - March 28, 2026","2026-04-02T06:58:58.208Z"
"Virginia","ID:2000","Cumberland, Prince Edward","12390","Very Low","March 22, 2026 - March 28, 2026","2026-04-02T06:58:58.208Z"
"Virginia","ID:1994","Newport News City, York, New Kent, Williamsburg City, James City","69059","Very Low","March 22, 2026 - March 28, 2026","2026-04-02T06:58:58.208Z"
"Virginia","ID:1978","Alleghany","15000","Very Low","March 22, 2026 - March 28, 2026","2026-04-02T06:58:58.208Z"
"Virginia","ID:2025","Petersburg City","33458","Low","March 22, 2026 - March 28, 2026","2026-04-02T06:58:58.208Z"
"Virginia","ID:1992","Henrico","330000","Low","March 22, 2026 - March 28, 2026","2026-04-02T06:58:58.208Z"
"Virginia","ID:1979","Alleghany","4000","Low","March 22, 2026 - March 28, 2026","2026-04-02T06:58:58.208Z"
"Virginia","ID:2019","Bedford City, Lynchburg City, Amherst, Bedford, Campbell","220000","Moderate","March 22, 2026 - March 28, 2026","2026-04-02T06:58:58.208Z"
"Virginia","ID:2015","Fairfax, Alexandria City","300000","Moderate","March 22, 2026 - March 28, 2026","2026-04-02T06:58:58.208Z"
"Virginia","ID:2009","Washington","7300","Moderate","March 22, 2026 - March 28, 2026","2026-04-02T06:58:58.208Z"
"Virginia","ID:2003","Harrisonburg City, Rockingham","81000","Moderate","March 22, 2026 - March 28, 2026","2026-04-02T06:58:58.208Z"
"Virginia","ID:1998","Montgomery","52500","Moderate","March 22, 2026 - March 28, 2026","2026-04-02T06:58:58.208Z"
"Virginia","ID:1987","Frederick, Winchester City","60000","Moderate","March 22, 2026 - March 28, 2026","2026-04-02T06:58:58.208Z"
"Virginia","ID:1985","Prince William, Fairfax, Fauquier, Loudoun, Fairfax City, Manassas City, Manassas Park City","350000","Moderate","March 22, 2026 - March 28, 2026","2026-04-02T06:58:58.208Z"
"Virginia","ID:1982","Fairfax, Alexandria City, Arlington, Falls Church City","232965","Moderate","March 22, 2026 - March 28, 2026","2026-04-02T06:58:58.208Z"
"Virginia","ID:2027","Bedford City, Botetourt, Roanoke, Bland, Salem, Roanoke City, Bedford","300000","High","March 22, 2026 - March 28, 2026","2026-04-02T06:58:58.208Z"
"Virginia","ID:2002","Radford, Montgomery, Pulaski","70000","High","March 22, 2026 - March 28, 2026","2026-04-02T06:58:58.208Z"
"Virginia","ID:1993","Martinsville City, Henry","63000","High","March 22, 2026 - March 28, 2026","2026-04-02T06:58:58.208Z"
"Virginia","ID:1986","Franklin","5000","High","March 22, 2026 - March 28, 2026","2026-04-02T06:58:58.208Z"
"Virginia","ID:2006","Stafford","50000","Very High","March 22, 2026 - March 28, 2026","2026-04-02T06:58:58.208Z"
"Virginia","ID:2005","Stafford","100000","Very High","March 22, 2026 - March 28, 2026","2026-04-02T06:58:58.208Z"
"Virginia","ID:2004","Russell","3100","Very High","March 22, 2026 - March 28, 2026","2026-04-02T06:58:58.208Z"
"Virginia","ID:1995","Loudoun","300000","Very High","March 22, 2026 - March 28, 2026","2026-04-02T06:58:58.208Z"
"Virginia","ID:1988","Frederick","16563","Very High","March 22, 2026 - March 28, 2026","2026-04-02T06:58:58.208Z"
"Washington","ID:2056","Snohomish","37650","Limited/No Data","March 22, 2026 - March 28, 2026","2026-04-02T06:58:58.208Z"
"Washington","ID:2068","Yakima","117072","Very Low","March 22, 2026 - March 28, 2026","2026-04-02T06:58:58.208Z"
"Washington","ID:2067","Whitman","35812","Very Low","March 22, 2026 - March 28, 2026","2026-04-02T06:58:58.208Z"
"Washington","ID:2065","Walla Walla","33000","Very Low","March 22, 2026 - March 28, 2026","2026-04-02T06:58:58.208Z"
"Washington","ID:2064","Thurston","119790","Very Low","March 22, 2026 - March 28, 2026","2026-04-02T06:58:58.208Z"
"Washington","ID:2062","Spokane","225000","Very Low","March 22, 2026 - March 28, 2026","2026-04-02T06:58:58.208Z"
"Washington","ID:2059","Snohomish","173800","Very Low","March 22, 2026 - March 28, 2026","2026-04-02T06:58:58.208Z"
"Washington","ID:2058","King, Snohomish","288000","Very Low","March 22, 2026 - March 28, 2026","2026-04-02T06:58:58.208Z"
"Washington","ID:2057","Snohomish","20000","Very Low","March 22, 2026 - March 28, 2026","2026-04-02T06:58:58.208Z"
"Washington","ID:2055","Skagit","35600","Very Low","March 22, 2026 - March 28, 2026","2026-04-02T06:58:58.208Z"
"Washington","ID:2053","Pierce","43000","Very Low","March 22, 2026 - March 28, 2026","2026-04-02T06:58:58.208Z"
"Washington","ID:2052","Pierce","295855","Very Low","March 22, 2026 - March 28, 2026","2026-04-02T06:58:58.208Z"
"Washington","ID:2047","Kittitas","21761","Very Low","March 22, 2026 - March 28, 2026","2026-04-02T06:58:58.208Z"
"Washington","ID:2046","King, Snohomish","789000","Very Low","March 22, 2026 - March 28, 2026","2026-04-02T06:58:58.208Z"
"Washington","ID:2045","King, Pierce","896000","Very Low","March 22, 2026 - March 28, 2026","2026-04-02T06:58:58.208Z"
"Washington","ID:2044","Jefferson","10000","Very Low","March 22, 2026 - March 28, 2026","2026-04-02T06:58:58.208Z"
"Washington","ID:2041","Grant","8475","Very Low","March 22, 2026 - March 28, 2026","2026-04-02T06:58:58.208Z"
"Washington","ID:2039","Clark","81140","Very Low","March 22, 2026 - March 28, 2026","2026-04-02T06:58:58.208Z"
"Washington","ID:2038","Clark","120000","Very Low","March 22, 2026 - March 28, 2026","2026-04-02T06:58:58.208Z"
"Washington","ID:2037","Clark","162100","Very Low","March 22, 2026 - March 28, 2026","2026-04-02T06:58:58.208Z"
"Washington","ID:2035","Chelan","35550","Very Low","March 22, 2026 - March 28, 2026","2026-04-02T06:58:58.208Z"
"Washington","ID:2063","Spokane","120000","Low","March 22, 2026 - March 28, 2026","2026-04-02T06:58:58.208Z"
"Washington","ID:2060","Island, Snohomish","7125","Low","March 22, 2026 - March 28, 2026","2026-04-02T06:58:58.208Z"
"Washington","ID:2061","Snohomish","10150","Moderate","March 22, 2026 - March 28, 2026","2026-04-02T06:58:58.208Z"
"Washington","ID:2040","Franklin","73000","Moderate","March 22, 2026 - March 28, 2026","2026-04-02T06:58:58.208Z"
"Washington","ID:2042","Island","24180","High","March 22, 2026 - March 28, 2026","2026-04-02T06:58:58.208Z"
"Washington","ID:2033","Benton","15000","High","March 22, 2026 - March 28, 2026","2026-04-02T06:58:58.208Z"
"West Virginia","ID:2098","Putnam","4900","Limited/No Data","March 22, 2026 - March 28, 2026","2026-04-02T06:58:58.208Z"
"West Virginia","ID:2096","Preston","700","Limited/No Data","March 22, 2026 - March 28, 2026","2026-04-02T06:58:58.208Z"
"West Virginia","ID:2092","Monongalia","2000","Limited/No Data","March 22, 2026 - March 28, 2026","2026-04-02T06:58:58.208Z"
"West Virginia","ID:2088","Mason","5515","Limited/No Data","March 22, 2026 - March 28, 2026","2026-04-02T06:58:58.208Z"
"West Virginia","ID:2084","Marion","1091","Limited/No Data","March 22, 2026 - March 28, 2026","2026-04-02T06:58:58.208Z"
"West Virginia","ID:2082","Kanawha","9000","Limited/No Data","March 22, 2026 - March 28, 2026","2026-04-02T06:58:58.208Z"
"West Virginia","ID:2080","Kanawha","49500","Limited/No Data","March 22, 2026 - March 28, 2026","2026-04-02T06:58:58.208Z"
"West Virginia","ID:2074","Cabell","7000","Limited/No Data","March 22, 2026 - March 28, 2026","2026-04-02T06:58:58.208Z"
"West Virginia","ID:2073","Cabell","4050","Limited/No Data","March 22, 2026 - March 28, 2026","2026-04-02T06:58:58.208Z"
"West Virginia","ID:2072","Cabell","7200","Limited/No Data","March 22, 2026 - March 28, 2026","2026-04-02T06:58:58.208Z"
"West Virginia","ID:2071","Cabell, Wayne","56000","Limited/No Data","March 22, 2026 - March 28, 2026","2026-04-02T06:58:58.208Z"
"West Virginia","ID:2069","Boone","4555","Limited/No Data","March 22, 2026 - March 28, 2026","2026-04-02T06:58:58.208Z"
"West Virginia","ID:2095","Pleasants","2892","Very Low","March 22, 2026 - March 28, 2026","2026-04-02T06:58:58.208Z"
"West Virginia","ID:2093","Monongalia","48328","Very Low","March 22, 2026 - March 28, 2026","2026-04-02T06:58:58.208Z"
"West Virginia","ID:2085","Marion","610","Very Low","March 22, 2026 - March 28, 2026","2026-04-02T06:58:58.208Z"
"West Virginia","ID:2079","Jefferson","17000","Very Low","March 22, 2026 - March 28, 2026","2026-04-02T06:58:58.208Z"
"West Virginia","ID:2078","Harrison","1853","Very Low","March 22, 2026 - March 28, 2026","2026-04-02T06:58:58.208Z"
"West Virginia","ID:2076","Fayette","2626","Very Low","March 22, 2026 - March 28, 2026","2026-04-02T06:58:58.208Z"
"West Virginia","ID:2075","Doddridge","564","Very Low","March 22, 2026 - March 28, 2026","2026-04-02T06:58:58.208Z"
"West Virginia","ID:2103","Wood","48050","Low","March 22, 2026 - March 28, 2026","2026-04-02T06:58:58.208Z"
"West Virginia","ID:2102","Taylor","6071","Low","March 22, 2026 - March 28, 2026","2026-04-02T06:58:58.208Z"
"West Virginia","ID:2101","Randolph","13156","Low","March 22, 2026 - March 28, 2026","2026-04-02T06:58:58.208Z"
"West Virginia","ID:2086","Marshall","12000","Low","March 22, 2026 - March 28, 2026","2026-04-02T06:58:58.208Z"
"West Virginia","ID:2083","Lewis","10364","Low","March 22, 2026 - March 28, 2026","2026-04-02T06:58:58.208Z"
"West Virginia","ID:2077","Harrison","26498","Moderate","March 22, 2026 - March 28, 2026","2026-04-02T06:58:58.208Z"
"West Virginia","ID:2091","Mineral","8168","High","March 22, 2026 - March 28, 2026","2026-04-02T06:58:58.208Z"
"West Virginia","ID:2087","Ohio","100000","High","March 22, 2026 - March 28, 2026","2026-04-02T06:58:58.208Z"
"Wisconsin","ID:2170","Dodge, Washington","16000","Limited/No Data","March 22, 2026 - March 28, 2026","2026-04-02T06:58:58.208Z"
"Wisconsin","ID:2123","Dunn","16000","Limited/No Data","March 22, 2026 - March 28, 2026","2026-04-02T06:58:58.208Z"
"Wisconsin","ID:2207","Grant","4264","Very Low","March 22, 2026 - March 28, 2026","2026-04-02T06:58:58.208Z"
"Wisconsin","ID:2178","Marathon, Wood","19300","Very Low","March 22, 2026 - March 28, 2026","2026-04-02T06:58:58.208Z"
"Wisconsin","ID:2177","Winnebago","78300","Very Low","March 22, 2026 - March 28, 2026","2026-04-02T06:58:58.208Z"
"Wisconsin","ID:2175","Waupaca","8000","Very Low","March 22, 2026 - March 28, 2026","2026-04-02T06:58:58.208Z"
"Wisconsin","ID:2174","Waupaca","4500","Very Low","March 22, 2026 - March 28, 2026","2026-04-02T06:58:58.208Z"
"Wisconsin","ID:2172","Waukesha, Jefferson","22000","Very Low","March 22, 2026 - March 28, 2026","2026-04-02T06:58:58.208Z"
"Wisconsin","ID:2171","Waukesha","51000","Very Low","March 22, 2026 - March 28, 2026","2026-04-02T06:58:58.208Z"
"Wisconsin","ID:2167","Walworth","30000","Very Low","March 22, 2026 - March 28, 2026","2026-04-02T06:58:58.208Z"
"Wisconsin","ID:2164","Vernon","4400","Very Low","March 22, 2026 - March 28, 2026","2026-04-02T06:58:58.208Z"
"Wisconsin","ID:2159","Sauk","13000","Very Low","March 22, 2026 - March 28, 2026","2026-04-02T06:58:58.208Z"
"Wisconsin","ID:2157","Saint Croix","19680","Very Low","March 22, 2026 - March 28, 2026","2026-04-02T06:58:58.208Z"
"Wisconsin","ID:2156","Rock","63500","Very Low","March 22, 2026 - March 28, 2026","2026-04-02T06:58:58.208Z"
"Wisconsin","ID:2154","Racine","139000","Very Low","March 22, 2026 - March 28, 2026","2026-04-02T06:58:58.208Z"
"Wisconsin","ID:2152","Portage","27000","Very Low","March 22, 2026 - March 28, 2026","2026-04-02T06:58:58.208Z"
"Wisconsin","ID:2146","Outagamie, Winnebago, Calumet","72810","Very Low","March 22, 2026 - March 28, 2026","2026-04-02T06:58:58.208Z"
"Wisconsin","ID:2142","Milwaukee, Ozaukee, Racine, Waukesha, Washington","615934","Very Low","March 22, 2026 - March 28, 2026","2026-04-02T06:58:58.208Z"
"Wisconsin","ID:2140","Marinette","3500","Very Low","March 22, 2026 - March 28, 2026","2026-04-02T06:58:58.208Z"
"Wisconsin","ID:2139","Marinette","11000","Very Low","March 22, 2026 - March 28, 2026","2026-04-02T06:58:58.208Z"
"Wisconsin","ID:2138","Marathon","44000","Very Low","March 22, 2026 - March 28, 2026","2026-04-02T06:58:58.208Z"
"Wisconsin","ID:2135","Manitowoc","34500","Very Low","March 22, 2026 - March 28, 2026","2026-04-02T06:58:58.208Z"
"Wisconsin","ID:2134","Lincoln","9700","Very Low","March 22, 2026 - March 28, 2026","2026-04-02T06:58:58.208Z"
"Wisconsin","ID:2133","La Crosse","85000","Very Low","March 22, 2026 - March 28, 2026","2026-04-02T06:58:58.208Z"
"Wisconsin","ID:2132","Kenosha","122000","Very Low","March 22, 2026 - March 28, 2026","2026-04-02T06:58:58.208Z"
"Wisconsin","ID:2131","Juneau","4400","Very Low","March 22, 2026 - March 28, 2026","2026-04-02T06:58:58.208Z"
"Wisconsin","ID:2130","Dodge, Jefferson","23660","Very Low","March 22, 2026 - March 28, 2026","2026-04-02T06:58:58.208Z"
"Wisconsin","ID:2129","Jackson","5000","Very Low","March 22, 2026 - March 28, 2026","2026-04-02T06:58:58.208Z"
"Wisconsin","ID:2127","Green","11000","Very Low","March 22, 2026 - March 28, 2026","2026-04-02T06:58:58.208Z"
"Wisconsin","ID:2125","Fond Du Lac","65000","Very Low","March 22, 2026 - March 28, 2026","2026-04-02T06:58:58.208Z"
"Wisconsin","ID:2122","Douglas","28000","Very Low","March 22, 2026 - March 28, 2026","2026-04-02T06:58:58.208Z"
"Wisconsin","ID:2119","Dane","10757","Very Low","March 22, 2026 - March 28, 2026","2026-04-02T06:58:58.208Z"
"Wisconsin","ID:2113","Dane","424000","Very Low","March 22, 2026 - March 28, 2026","2026-04-02T06:58:58.208Z"
"Wisconsin","ID:2112","Columbia","11000","Very Low","March 22, 2026 - March 28, 2026","2026-04-02T06:58:58.208Z"
"Wisconsin","ID:2111","Columbia","3100","Very Low","March 22, 2026 - March 28, 2026","2026-04-02T06:58:58.208Z"
"Wisconsin","ID:2108","Kewaunee, Brown","189000","Very Low","March 22, 2026 - March 28, 2026","2026-04-02T06:58:58.208Z"
"Wisconsin","ID:2107","Brown","43000","Very Low","March 22, 2026 - March 28, 2026","2026-04-02T06:58:58.208Z"
"Wisconsin","ID:2104","Ashland","8200","Very Low","March 22, 2026 - March 28, 2026","2026-04-02T06:58:58.208Z"
"Wisconsin","ID:2162","Sheboygan","70000","Low","March 22, 2026 - March 28, 2026","2026-04-02T06:58:58.208Z"
"Wisconsin","ID:2124","Chippewa, Eau Claire","77714","Low","March 22, 2026 - March 28, 2026","2026-04-02T06:58:58.208Z"
"Wisconsin","ID:2151","Saint Croix, Pierce","15900","Moderate","March 22, 2026 - March 28, 2026","2026-04-02T06:58:58.208Z"
"Wisconsin","ID:2141","Milwaukee, Ozaukee","470007","High","March 22, 2026 - March 28, 2026","2026-04-02T06:58:58.208Z"
"Wyoming","ID:2209","Sweetwater","32000","Limited/No Data","March 22, 2026 - March 28, 2026","2026-04-02T06:58:58.208Z"
"Wyoming","ID:2208","Albany","32363","Very Low","March 22, 2026 - March 28, 2026","2026-04-02T06:58:58.208Z"
"Wyoming","ID:2184","Teton","13000","Very Low","March 22, 2026 - March 28, 2026","2026-04-02T06:58:58.208Z"
"Wyoming","ID:2183","Sweetwater","12000","Very Low","March 22, 2026 - March 28, 2026","2026-04-02T06:58:58.208Z"
"Wyoming","ID:2182","Sheridan","19000","Very Low","March 22, 2026 - March 28, 2026","2026-04-02T06:58:58.208Z"
"Wyoming","ID:2181","Laramie","74600","Very Low","March 22, 2026 - March 28, 2026","2026-04-02T06:58:58.208Z"
"Wyoming","ID:2180","Carbon","8298","Very Low","March 22, 2026 - March 28, 2026","2026-04-02T06:58:58.208Z"
